Sample,Year,Area,Temperature,pH_(input),HCO3-_(input),O2_(input),HS-_(input),SiO2_(input),CH4_(input),H2_(input),CO_(input),F-_(input),Cl-_(input),Br-_(input),SO4-2_(input),HPO4-2_(input),NO2-_(input),NO3-_(input),Li+_(input),Na+_(input),NH4+_(input),K+_(input),Mg+2_(input),Ca+2_(input),Be+2_(input),B(OH)3_(input),Al+3_(input),VO+2_(input),CrO4-2_(input),Mn+2_(input),Fe+2_(input),Co+2_(input),Ni+2_(input),Cu+2_(input),Zn+2_(input),Ga+3_(input),H2AsO4-_(input),Rb+_(input),Sr+2_(input),Y+3_(input),Zr+4_(input),NbO3-_(input),MoO4-2_(input),Cd+2_(input),Sn+2_(input),SbO2-_(input),Cs+_(input),Ba+2_(input),La+3_(input),Hf+4_(input),WO4-2_(input),Tl+_(input),Pb+2_(input),U+4_(input),Hg+2_(input),Pressure,Al+3,AlO+,AlO2-,AlOH+2,AsO2-,AsO4-3,B(OH)3,Ba+2,BaCl+,BaCO3,BaF+,BaHCO3+,BaOH+,Be+2,BeCl+,BeCl2,BeF+,BeF2,BeF3-,BeF4-2,BeO,BeO2-2,BeOH+,BF4-,BO2-,Br-,Br3-,BrO-,BrO3-,BrO4-,Ca+2,CaCl+,CaCl2,CaCO3,CaF+,CaHCO3+,CaHSiO3+,CaOH+,CaSO4,Cd+2,CdCl+,CdCl2,CdCl3-,CdCl4-2,CdF+,CdF2,CdO,CdO2-2,CdOH+,Cl-,ClO-,ClO2-,ClO3-,ClO4-,CN-,Co+2,Co+3,CO2,CO3-2,CoCl+,CoF+,CoO,CoO2-2,CoOH+,CoOH+2,Cr+2,Cr+3,Cr2O7-2,CrO+,CrO2-,CrO4-2,CrOH+2,Cs+,CsBr,CsCl,CsOH,Cu+,Cu+2,CuCl,CuCl+,CuCl2,CuCl2-,CuCl3-,CuCl3-2,CuCl4-2,CuF+,CuO,CuO2-2,CuOH+,F-,Fe+2,Fe+3,FeCl+,FeCl+2,FeCl2,FeF+,FeF+2,FeO,FeO+,FeO2-,FeOH+,FeOH+2,Ga+3,GaO+,GaO2-,GaOH+2,H+,H2AsO3-,H2AsO4-,H2N2O2,H2O,H2O2,H2P2O7-2,H2PO2-,H2PO3-,H2PO4-,H2S,H2S2O4,H2VO4-,H3AsO4,H3P2O7-,H3PO2,H3PO3,H3PO4,H3VO4,H4P2O7,HAlO2,HAsO2,HAsO4-2,HBeO2-,HBrO,HCdO2-,HCl,HClO,HClO2,HCN,HCO3-,HCoO2-,HCrO2,HCrO4-,HCuO2-,HF,Hf+4,HF2-,HFeO2,HFeO2-,HfO+2,HfO2,HfOH+3,HGaO2,HHfO2+,HHfO3-,HMnO2-,HMoO4-,HN2O2-,HNbO3,HNiO2-,HNO2,HNO3,HO2-,HP2O7-3,HPbO2-,HPO3-2,HPO4-2,HS-,HS2O4-,HSbO2,HSiO3-,HSnO2-,HSO3-,HSO4-,HSO5-,HTlO2,HUO2,HUO2+,HUO3-,HUO4-,HVO4-2,HWO4-,HYO2,HZnO2-,HZrO2+,HZrO3-,K+,KBr,KCl,KHSO4,KOH,KSO4-,La+2,La+3,LaCl+2,LaCl2+,LaCl3,LaCl4-,LaCO3+,LaF+2,LaF2+,LaF3,LaF4-,LaH2PO4+2,LaHCO3+2,LaNO3+2,LaO+,LaO2-,LaO2H,LaOH+2,LaSO4+,Li+,LiCl,LiOH,Mg+2,MgCl+,MgCO3,MgF+,MgHCO3+,MgHSiO3+,MgOH+,MgSO4,Mn+2,Mn+3,MnCl+,MnF+,MnO,MnO2-2,MnO4-,MnO4-2,MnOH+,MnSO4,MoO4-2,N2,N2H5+,N2H6+2,N2O2-2,Na+,NaBr,NaCl,NaF,NaHSiO3,NaOH,NaSO4-,NbO3-,NH3,NH4+,Ni+2,NiCl+,NiF+,NiO,NiO2-2,NiOH+,NO2-,NO3-,O2,OCN-,OH-,P2O7-4,Pb(HS)2,Pb(HS)3-,Pb+2,PbCl+,PbCl2,PbCl3-,PbCl4-2,PbF+,PbF2,PbO,PbOH+,PO4-3,Rb+,RbBr,RbCl,RbF,RbOH,S2O4-2,S2O5-2,S2O6-2,S2O8-2,SbO2-,SiF6-2,SiO2,Sn+2,SnO,SnOH+,SO2,SO3-2,SO4-2,Sr+2,SrCl+,SrCO3,SrF+,SrHCO3+,SrOH+,Tl+,Tl+3,TlCl,TlCl+2,TlF,TlO+,TlO2-,TlOH,TlOH+2,U(OH)+3,U+3,U+4,UO+,UO+2,UO2,UO2-,UO2+,UO2+2,UO2OH,UO2OH+,UO3,UO3-,UO4-2,UOH+2,V+2,V+3,VO+,VO+2,VO2+,VO4-3,VOH+,VOH+2,VOOH+,WO4-2,Y+3,YO+,YO2-,YOH+2,Zn+2,ZnCl+,ZnCl2,ZnCl3-,ZnF+,ZnO,ZnO2-2,ZnOH+,Zr+4,ZrO+2,ZrO2,ZrOH+3,pH,albite,"albite,high","albite,low",alunite,analcime,"analcime,dehydrated",andalusite,anglesite,anhydrite,anorthite,aragonite,barite,berndtite,boehmite,bromellite,calcite,cassiterite,celestite,cerussite,chalcedony,chalcopyrite,coesite,corundum,covellite,cristobalite,"cristobalite,alpha","cristobalite,beta",diaspore,dickite,epidote,"epidote,ordered",fluorite,galena,gibbsite,goethite,halite,halloysite,hematite,jadeite,K-feldspar,kalsilite,kaolinite,kyanite,laumontite,lawsonite,magnesite,magnetite,margarite,Mg-cronstedtite,"microcline,maximum",muscovite,nepheline,paragonite,pyrite,pyrophyllite,quartz,rhodochrosite,romarchite,"sanidine,high",sillimanite,smithsonite,sphalerite,strontianite,sylvite,tenorite,wairakite,wurtzite,DEFAULT,HS-/SO4-2,NH4+/NO3-,NO2-/NO3-,O2/H2O,charge imbalance,charge imbalance % of mean charge,charge imbalance % of total charge,ionic strength,mean charge,sigma(mz) anions,sigma(mz) cations,stoichiometric ionic strength,total charge,CH4(g),CO(g),CO2(g),H2(g),H2O(g),H2S(g),N2(g),NH3(g),O2(g),S2(g),SO2(g),Al+3_total,B(OH)3_total,Ba+2_total,Be+2_total,Br-_total,Ca+2_total,Cd+2_total,Cl-_total,Co+2_total,CrO4-2_total,Cs+_total,Cu+2_total,F-_total,Fe+2_total,Ga+3_total,H+_total,H2AsO4-_total,HCO3-_total,Hf+4_total,HPO4-2_total,HS-_total,K+_total,La+3_total,Li+_total,Mg+2_total,Mn+2_total,MoO4-2_total,Na+_total,NbO3-_total,NH4+_total,Ni+2_total,NO2-_total,NO3-_total,O2_total,Pb+2_total,Rb+_total,SbO2-_total,SiO2_total,Sn+2_total,SO4-2_total,Sr+2_total,Tl+_total,U+4_total,VO+2_total,WO4-2_total,Y+3_total,Zn+2_total,Zr+4_total
,,,degC,pH,Molality,Molality,Molality,Molality,Molality,Molality,Molality,Molality,Molality,Molality,Molality,Molality,Molality,Molality,Molality,Molality,Molality,Molality,Molality,Molality,Molality,Molality,Molality,Molality,Molality,Molality,Molality,Molality,Molality,Molality,Molality,Molality,Molality,Molality,Molality,Molality,Molality,Molality,Molality,Molality,Molality,Molality,Molality,Molality,Molality,Molality,Molality,Molality,Molality,Molality,Molality,bar,log_activity,log_activity,log_activity,log_activity,log_activity,log_activity,log_activity,log_activity,log_activity,log_activity,log_activity,log_activity,log_activity,log_activity,log_activity,log_activity,log_activity,log_activity,log_activity,log_activity,log_activity,log_activity,log_activity,log_activity,log_activity,log_activity,log_activity,log_activity,log_activity,log_activity,log_activity,log_activity,log_activity,log_activity,log_activity,log_activity,log_activity,log_activity,log_activity,log_activity,log_activity,log_activity,log_activity,log_activity,log_activity,log_activity,log_activity,log_activity,log_activity,log_activity,log_activity,log_activity,log_activity,log_activity,log_activity,log_activity,log_activity,log_activity,log_activity,log_activity,log_activity,log_activity,log_activity,log_activity,log_activity,log_activity,log_activity,log_activity,log_activity,log_activity,log_activity,log_activity,log_activity,log_activity,log_activity,log_activity,log_activity,log_activity,log_activity,log_activity,log_activity,log_activity,log_activity,log_activity,log_activity,log_activity,log_activity,log_activity,log_activity,log_activity,log_activity,log_activity,log_activity,log_activity,log_activity,log_activity,log_activity,log_activity,log_activity,log_activity,log_activity,log_activity,log_activity,log_activity,log_activity,log_activity,log_activity,log_activity,log_activity,log_activity,log_activity,log_activity,log_activity,log_activity,log_activity,log_activity,log_activity,log_activity,log_activity,log_activity,log_activity,log_activity,log_activity,log_activity,log_activity,log_activity,log_activity,log_activity,log_activity,log_activity,log_activity,log_activity,log_activity,log_activity,log_activity,log_activity,log_activity,log_activity,log_activity,log_activity,log_activity,log_activity,log_activity,log_activity,log_activity,log_activity,log_activity,log_activity,log_activity,log_activity,log_activity,log_activity,log_activity,log_activity,log_activity,log_activity,log_activity,log_activity,log_activity,log_activity,log_activity,log_activity,log_activity,log_activity,log_activity,log_activity,log_activity,log_activity,log_activity,log_activity,log_activity,log_activity,log_activity,log_activity,log_activity,log_activity,log_activity,log_activity,log_activity,log_activity,log_activity,log_activity,log_activity,log_activity,log_activity,log_activity,log_activity,log_activity,log_activity,log_activity,log_activity,log_activity,log_activity,log_activity,log_activity,log_activity,log_activity,log_activity,log_activity,log_activity,log_activity,log_activity,log_activity,log_activity,log_activity,log_activity,log_activity,log_activity,log_activity,log_activity,log_activity,log_activity,log_activity,log_activity,log_activity,log_activity,log_activity,log_activity,log_activity,log_activity,log_activity,log_activity,log_activity,log_activity,log_activity,log_activity,log_activity,log_activity,log_activity,log_activity,log_activity,log_activity,log_activity,log_activity,log_activity,log_activity,log_activity,log_activity,log_activity,log_activity,log_activity,log_activity,log_activity,log_activity,log_activity,log_activity,log_activity,log_activity,log_activity,log_activity,log_activity,log_activity,log_activity,log_activity,log_activity,log_activity,log_activity,log_activity,log_activity,log_activity,log_activity,log_activity,log_activity,log_activity,log_activity,log_activity,log_activity,log_activity,log_activity,log_activity,log_activity,log_activity,log_activity,log_activity,log_activity,log_activity,log_activity,log_activity,log_activity,log_activity,log_activity,log_activity,log_activity,log_activity,log_activity,log_activity,log_activity,log_activity,log_activity,log_activity,log_activity,log_activity,log_activity,log_activity,log_activity,log_activity,log_activity,log_activity,log_activity,log_activity,log_activity,log_activity,log_activity,log_activity,log_activity,log_activity,log_activity,log_activity,log_activity,log_activity,log_activity,log_activity,log_activity,log_activity,log_activity,log_activity,log_activity,log_activity,log_activity,log_activity,log_activity,log_activity,log_activity,log_activity,log_activity,log_activity,log_activity,log_activity,log_activity,log_activity,log_activity,log_activity,log_activity,log_activity,log_activity,log_activity,log_activity,log_activity,log_activity,log_activity,log_activity,log_activity,pH,affinity_kcal,affinity_kcal,affinity_kcal,affinity_kcal,affinity_kcal,affinity_kcal,affinity_kcal,affinity_kcal,affinity_kcal,affinity_kcal,affinity_kcal,affinity_kcal,affinity_kcal,affinity_kcal,affinity_kcal,affinity_kcal,affinity_kcal,affinity_kcal,affinity_kcal,affinity_kcal,affinity_kcal,affinity_kcal,affinity_kcal,affinity_kcal,affinity_kcal,affinity_kcal,affinity_kcal,affinity_kcal,affinity_kcal,affinity_kcal,affinity_kcal,affinity_kcal,affinity_kcal,affinity_kcal,affinity_kcal,affinity_kcal,affinity_kcal,affinity_kcal,affinity_kcal,affinity_kcal,affinity_kcal,affinity_kcal,affinity_kcal,affinity_kcal,affinity_kcal,affinity_kcal,affinity_kcal,affinity_kcal,affinity_kcal,affinity_kcal,affinity_kcal,affinity_kcal,affinity_kcal,affinity_kcal,affinity_kcal,affinity_kcal,affinity_kcal,affinity_kcal,affinity_kcal,affinity_kcal,affinity_kcal,affinity_kcal,affinity_kcal,affinity_kcal,affinity_kcal,affinity_kcal,affinity_kcal,Eh_volts,Eh_volts,Eh_volts,Eh_volts,Eh_volts,%,%,eq/kg.H2O,molality,eq/kg.H2O,eq/kg.H2O,eq/kg.H2O,eq/kg.H2O,molality,log_fugacity,log_fugacity,log_fugacity,log_fugacity,log_fugacity,log_fugacity,log_fugacity,log_fugacity,log_fugacity,log_fugacity,log_fugacity,molality,molality,molality,molality,molality,molality,molality,molality,molality,molality,molality,molality,molality,molality,molality,molality,molality,molality,molality,molality,molality,molality,molality,molality,molality,molality,molality,molality,molality,molality,molality,molality,molality,molality,molality,molality,molality,molality,molality,molality,molality,molality,molality,molality,molality,molality,molality,molality
Sample 1,,,77.4,1.755,0.000707744,2.09e-05,1.98e-05,0.000748927,0.0,0.0,0.0,3.26e-07,8.46e-06,1.13e-08,0.012345477,8.53e-08,3.26e-08,1.56e-07,1.34e-07,1.87e-05,0.001748473,4.02e-05,3.13e-06,5.49e-06,0.0,0.0,0.0,0.0,0.0,0.0,5.73e-06,0.0,0.0,0.0,0.0,0.0,0.0,0.0,0.0,0.0,0.0,0.0,0.0,0.0,0.0,0.0,0.0,0.0,0.0,0.0,0.0,0.0,0.0,0.0,0.0,1.0,,,,,,,,,,,,,,,,,,,,,,,,,,-8.0105,-23.7986,-20.4486,-30.4493,-46.5266,-5.5716,-10.6823,-16.4134,-17.7139,-12.982,-11.9877,-14.8359,-14.6377,-6.179,,,,,,,,,,,-5.1401,-20.9225,-30.0812,-27.4502,-28.7927,,,,-3.1478,-16.0,,,,,,,,,,,,,,,,,,,,,,,,,,,,,,,-8.3931,-9.3167,-6.3401,-14.4013,-9.7725,-24.9698,-16.1213,-8.0768,-23.2318,-6.4887,-16.4639,-15.5232,-5.6915,,,,,-1.755,,,-49.6873,-0.000265356,-16.4124,-17.1821,-96.6548,-48.1487,-7.8586,-4.7033,,,,-16.5018,-96.2574,-47.9401,-7.1595,,-16.4713,,,,,-14.0352,,-7.6943,-15.3885,-29.3629,-96.6898,-7.668,,,,,-6.5156,,-15.3923,-9.7142,-29.6722,,,,,,,,,-54.5753,,,-7.5205,-9.4095,-25.6431,-22.0621,,-52.6124,-13.3199,-9.4954,-99.4871,,-10.4787,,-34.3179,-2.0477,-20.5142,,,,,,,,,,,,-4.4736,-13.7953,-11.5724,-9.334,-15.5837,-6.3734,,,,,,,,,,,,,,,,,,,,-6.9426,-13.385,-17.4315,-5.8189,-10.9214,-18.493,-12.6364,-12.2289,-14.9464,-14.0573,-6.2968,,,,,,,,,,,,-10.419,-90.0519,-93.079,-63.2267,-4.8017,-13.8893,-10.5206,-13.9405,-13.9389,-15.8582,-6.8413,,-8.9499,-2.8298,,,,,,,-8.6771,-6.8746,-4.6775,-64.4743,-10.8952,-29.7559,,,,,,,,,,,,-23.6703,,,,,,,-73.6155,-48.8699,-28.9725,,-35.6158,-3.1256,,,,-33.61,-40.1668,-2.9683,,,,,,,,,,,,,,,,,,,,,,,,,,,,,,,,,,,,,,,,,,,,,,,,,,,,,,,,,1.755,,,,,,,,,-5.65388,,,,,,,,,,,-0.13394,,-0.88179,,,-0.48854,-0.48854,-1.02561,,,,,,,,0.74434,,,1.83785,,,,,,,,,,,,,,,,32.32382,,0.23603,,,,,,,,,,,,1.036,0.158,0.671,0.74,1.036,0.007616101068,42.0003,21.0001,0.0201216,0.018133447341,-0.014325396807,0.021941497875,0.0415957,0.036266894682,-118.09317,-38.08381,-1.24202,-33.28465,-0.45392,-3.31951,-7.07686,-51.80554,-1.5827,-11.76932,-33.16674,,,,,1.13e-08,5.49e-06,,8.46e-06,,,,,3.26e-07,5.73e-06,,0.0312076,,0.000707744,,8.53e-08,1.98e-05,4.02e-05,,1.34e-07,3.13e-06,,,1.87e-05,,0.00174847,,3.26e-08,1.56e-07,2.09e-05,,,,0.000748927,,0.0123455,,,,,,,,
Sample 2,,,87.7,1.94,0.000113239,4.06e-05,6.77e-06,0.003686383,0.0,0.0,0.0,5.95e-05,0.003615773,4e-06,0.009720829,4.21e-07,0.0,1.61e-07,0.000154156,0.004880383,0.000431427,0.000489283,1.52e-05,5.41e-05,0.0,0.0,0.0,0.0,0.0,0.0,4.66e-05,0.0,0.0,0.0,0.0,0.0,0.0,0.0,0.0,0.0,0.0,0.0,0.0,0.0,0.0,0.0,0.0,0.0,0.0,0.0,0.0,0.0,0.0,0.0,0.0,1.0,,,,,,,,,,,,,,,,,,,,,,,,,,-5.4616,-16.4897,-17.6344,-27.2235,-42.8034,-4.5773,-6.9754,-10.0916,-17.0546,-9.632,-11.5646,-12.8278,-13.1375,-5.1934,,,,,,,,,,,-2.5093,-17.8902,-26.7221,-24.0988,-25.396,,,,-3.9438,-16.4477,,,,,,,,,,,,,,,,,,,,,,,,,,,,,,,-6.1196,-8.3208,-5.8837,-10.7094,-6.6212,-18.2087,-12.7977,-5.2131,-21.3894,-5.3632,-14.5818,-14.1225,-4.8769,,,,,-1.94,,,-49.0322,-0.000270928,-15.8731,-15.436,-93.2594,-46.1062,-7.0684,-5.1694,-98.1664,,,-14.9149,-93.0074,-46.0445,-6.492,,-15.0176,,,,,-11.4524,,-5.2306,-12.564,-26.0846,-95.2903,-8.3084,,,,,-4.3297,,-10.9216,-8.2019,-27.5488,,,,,,,,,-53.6874,,,,-9.4782,-24.8303,-20.1615,,-50.4248,-12.3731,-9.7396,-97.1601,,-9.5292,,-33.4659,-2.1602,-19.9729,,,,,,,,,,,,-3.3877,-10.0799,-7.7508,-8.2291,-14.079,-5.3067,,,,,,,,,,,,,,,,,,,,-3.8814,-7.64,-13.9719,-5.1319,-7.5458,-18.1726,-9.6052,-12.1112,-13.265,-12.9059,-5.6181,,,,,,,,,,,,-10.8935,-88.6351,-91.8882,-62.0936,-2.385,-8.8639,-5.4261,-9.1954,-10.635,-13.0484,-4.4397,,-9.149,-3.4372,,,,,,,,-6.8604,-4.3892,-63.8681,-10.5188,-27.7482,,,,,,,,,,,,-22.5378,,,,,,-98.0352,-71.9512,-47.9067,-28.4408,,-22.1509,-2.4334,,,,-32.8103,-39.2282,-3.0425,,,,,,,,,,,,,,,,,,,,,,,,,,,,,,,,,,,,,,,,,,,,,,,,,,,,,,,,,1.94,,,,,,,,,-4.0289,,,,,,,,,,,0.85933,,0.10865,,,0.50992,0.50992,-0.017,,,,,,,,2.84646,,,6.1466,,,,,,,,,,,,,,,,32.15072,,1.2293,,,,,,,,,,,,1.016,0.141,0.651,,1.016,0.0042643111211,24.9158,12.4579,0.0188853,0.017114870159,-0.014982714598,0.019247025719,0.0352112,0.034229740317,-115.6792,-37.77664,-1.98803,-32.22835,-0.27611,-3.73953,-7.55092,-50.65891,-1.2854,-12.38207,-32.2862,,,,,4e-06,5.41e-05,,0.00361577,,,,,5.95e-05,4.66e-05,,0.0213192,,0.000113239,,4.21e-07,6.77e-06,0.000489283,,0.000154156,1.52e-05,,,0.00488038,,0.000431427,,,1.61e-07,4.06e-05,,,,0.00368638,,0.00972083,,,,,,,,
Sample 3,,,89.9,2.038,0.000108243,2e-05,4.52e-06,0.003644776,0.0,0.0,0.0,0.000107377,0.003239782,4.13e-06,0.010124388,3.58e-07,9.13e-08,2.1e-07,0.000152716,0.004447586,0.000344253,0.00045987,1.93e-05,6.64e-05,0.0,0.0,0.0,0.0,0.0,0.0,5.44e-05,0.0,0.0,0.0,0.0,0.0,0.0,0.0,0.0,0.0,0.0,0.0,0.0,0.0,0.0,0.0,0.0,0.0,0.0,0.0,0.0,0.0,0.0,0.0,0.0,1.0,,,,,,,,,,,,,,,,,,,,,,,,,,-5.4465,-16.8151,-17.7485,-27.6206,-43.2817,-4.4954,-6.9215,-10.0862,-16.7794,-9.1925,-11.3963,-12.6238,-12.8916,-5.0233,,,,,,,,,,,-2.5555,-18.0375,-26.9859,-24.548,-26.0196,-99.9154,,,-3.9635,-16.279,,,,,,,,,,,,,,,,,,,,,,,,,,,,,,,-5.7804,-8.194,-6.0199,-10.614,-6.7891,-18.0682,-12.3193,-4.9812,-20.9685,-5.2426,-14.1862,-13.8522,-4.8796,,,,,-2.038,,,-48.0528,-0.000246831,-15.9461,-15.4148,-92.3622,-45.6712,-7.0754,-5.3449,-97.2131,,,-14.9859,-92.1995,-45.6991,-6.5834,,-15.1755,,,,,-11.6733,,-5.3697,-12.8132,-26.424,-93.8846,-8.2379,,,,,-4.0675,,-10.3182,-7.9427,-27.0104,,,,,,,,,-52.6008,,,-7.1077,-9.4379,-24.7882,-20.0497,,-49.901,-12.2891,-9.8109,-96.1279,,-9.4216,,-33.0763,-2.153,-20.0144,,,,,,,,,,,,-3.4141,-10.0741,-7.8012,-8.2202,-13.9602,-5.2472,,,,,,,,,,,,,,,,,,,,-3.884,-7.677,-13.833,-5.0399,-7.4867,-17.8939,-9.1579,-11.9324,-13.0548,-12.658,-5.4378,,,,,,,,,,,,-9.9619,-87.0078,-90.3674,-60.8981,-2.4246,-8.8755,-5.5016,-8.8839,-10.5793,-12.9479,-4.3926,,-9.1013,-3.5336,,,,,,,-7.9398,-6.7439,-4.6969,-62.7509,-10.3825,-27.5567,,,,,,,,,,,,-22.357,,,,,,-96.9213,-71.1807,-47.4645,-28.4549,,-20.5351,-2.4383,,,,-32.49,-38.7623,-2.969,,,,,,,,,,,,,,,,,,,,,,,,,,,,,,,,,,,,,,,,,,,,,,,,,,,,,,,,,2.038,,,,,,,,,-3.7352,,,,,,,,,,,0.82742,,0.07613,,,0.47913,0.47913,-0.04575,,,,,,,,3.21125,,,6.89861,,,,,,,,,,,,,,,,31.61227,,1.1974,,,,,,,,,,,,1.0,0.133,0.642,0.691,1.001,0.00075868257227,4.8412,2.4206,0.01774,0.015671320166,-0.01529197888,0.016050661452,0.0343581,0.031342640332,-114.30405,-37.38624,-1.99831,-31.8272,-0.2397,-3.90623,-6.62025,-49.63331,-1.5919,-12.64264,-31.94993,,,,,4.13e-06,6.64e-05,,0.00323978,,,,,0.000107377,5.44e-05,,0.0187879,,0.000108243,,3.58e-07,4.52e-06,0.00045987,,0.000152716,1.93e-05,,,0.00444759,,0.000344253,,9.13e-08,2.1e-07,2e-05,,,,0.00364478,,0.0101244,,,,,,,,
Sample 4,,,73.6,2.186,0.000769628,0.0,0.0,0.0,0.0,0.0,0.0,0.000127906,0.003133726,3.48e-06,0.005677839,0.0,0.0,1.11e-05,0.000245786,0.006207047,0.000231538,0.000317663,0.0,5.69e-05,1.59e-07,0.000147997,0.000277968,1.16e-08,2.31e-09,5.37e-07,1.4e-05,6.79e-10,4.26e-09,3.93e-09,4.59e-07,6.6e-08,7.07e-06,1.8e-06,3.08e-08,5.96e-08,7.02e-10,4.74e-10,1.19e-07,3.56e-10,2.02e-10,1.78e-07,1.27e-06,8.3e-09,1.32e-08,6.72e-11,1.38e-07,1.57e-09,6.47e-09,4.75e-09,0.0,1.0,-4.0325,-7.5438,-13.2814,-5.5798,-29.9509,-19.3471,-3.8297,-8.3202,-10.9592,-20.2602,-13.0689,-13.8775,-17.5373,-7.0198,-10.2121,-12.6411,-8.9536,-10.1978,-11.9364,-13.9545,-14.6919,-31.827,-9.505,-13.8976,-10.5531,-5.516,-16.3359,-17.2077,-25.6696,-41.0893,-4.5363,-7.1004,-10.2477,-15.8195,-8.9327,-10.5012,,-13.2953,-5.1344,-9.7574,-10.365,-12.4135,-15.4522,-19.4863,-13.8281,-19.0121,-23.0325,-43.0559,-16.3116,-2.5646,-17.6529,-26.0887,-22.606,-23.1171,,-9.4146,-23.6451,-3.112,-15.0999,-11.3102,-13.5514,-21.4743,-41.8135,-15.8062,-21.6508,-34.2976,-14.1412,-16.1303,-17.0923,-27.8955,-13.2535,-14.9419,-5.96,-11.2619,-8.3974,-17.7383,-20.822,-8.6393,-21.3466,-10.6393,-14.2212,-21.5375,-18.5731,-24.1857,-23.9478,-12.3271,-17.2261,-36.7107,-13.2607,-5.3503,-9.7274,-6.6214,-12.2589,-7.5006,-20.4187,-13.5076,-5.3643,-22.9642,-6.0249,-15.2881,-15.5874,-5.6086,-8.0179,-7.7691,-12.5285,-8.155,-2.186,-29.9476,-5.6514,-50.6036,-0.000181331,-15.7718,,,,,,,-9.7277,-5.3446,,,,,-8.4143,,-9.4916,-23.514,-10.243,-21.4837,-11.2056,-32.7311,-5.5538,-12.5393,-25.8392,,-7.1933,-30.9162,-21.6586,-8.6939,-26.2083,-3.9393,-14.2416,-9.7784,-8.8989,-29.0107,-10.509,-13.6349,-11.5134,-8.9313,-11.9026,-17.2837,-30.8001,-6.9841,-55.0804,-9.3242,-29.8566,,-8.0184,-24.6077,,-26.7041,,,,,-6.7496,,-18.4704,-35.9898,-2.5,-20.3683,-14.1793,-74.1349,-38.0625,-44.9754,-19.5393,-15.1324,-6.9301,-22.0131,-24.6307,-10.4915,-15.6126,-3.5683,-10.4255,-8.1309,-8.9294,-14.339,-5.4548,-77.5206,-9.2397,-11.0204,-13.7575,-16.8716,-20.4594,-17.5301,-9.9551,-12.5896,-16.438,-21.2246,,-14.1085,-14.2536,-19.2305,-34.1882,-25.0107,-13.6269,-8.0097,-3.672,-7.5575,-13.8131,,,,,,,,,-6.5523,-14.7271,-8.6656,-10.8384,-21.4153,-40.5343,-21.2973,-29.8864,-13.5173,-7.2388,-9.4551,-11.7475,-94.3104,-97.7528,-63.3271,-2.2738,-8.8886,-5.4339,-8.3896,,-12.9808,-4.302,-14.2544,-9.4749,-3.7001,-8.6135,-11.9251,-12.6651,-20.8384,-39.0965,-15.7896,,-5.0148,,-66.5085,-10.5401,,,,-8.462,-9.3789,-11.2351,-14.0854,-17.0602,-11.7202,-15.8494,-18.6791,-12.6038,,-5.8075,-12.1683,-8.9793,-10.122,-16.3438,,-76.9454,-51.0815,-29.3205,-14.9139,,,-9.9999,-11.7242,-10.5857,-35.7611,-41.3728,-2.936,-7.7509,-10.2705,-19.4335,-12.7372,-13.0759,-16.8702,-11.1732,-19.5589,-13.1134,-15.0057,-16.2142,-15.3263,-22.3285,-8.8063,-17.8222,-39.1314,-64.179,-41.9228,-69.4208,-37.8434,-35.9111,-81.2131,-22.3998,-8.5732,-36.5288,-10.5861,-13.3105,-50.306,-29.5468,-66.4165,-47.3691,-28.8126,-28.6206,-13.608,-8.1854,-25.6557,-50.812,-27.7972,-16.3859,-8.6445,-7.7588,-16.3643,-29.1381,-11.4312,-6.5876,-7.776,-10.4968,-13.6977,-10.605,-17.4547,-34.2365,-10.4026,-13.6111,-9.5252,-12.1575,-10.4172,2.186,,,,-0.77398,,,,-5.74446,-3.99226,,,-2.72293,,-4.98159,,,50.86833,-6.04909,,,,,,,,,,-3.98324,,,,-8.46669,,-3.3538,2.19032,,,4.69142,,,,,,,,,,,,,,,,,,,,,,,,,,,,,,1.038,,0.661,,,0.004443163866,34.0692,17.0346,0.0159313,0.013041574375,-0.010819992442,0.015263156309,0.0242154,0.026083148751,-122.68929,-39.32263,-1.22714,-34.53993,-0.52271,,-8.40764,-54.27685,0.0,,-35.35043,0.000277968,0.000147997,8.3e-09,1.59e-07,3.48e-06,5.69e-05,3.56e-10,0.00313373,6.79e-10,2.31e-09,1.27e-06,3.93e-09,0.000127906,1.4e-05,6.6e-08,0.0118688,7.07e-06,0.000769628,6.72e-11,,,0.000317663,1.32e-08,0.000245786,,5.37e-07,1.19e-07,0.00620705,4.74e-10,0.000231538,4.26e-09,,1.11e-05,,6.47e-09,1.8e-06,1.78e-07,,2.02e-10,0.00567784,3.08e-08,1.57e-09,4.75e-09,1.16e-08,1.38e-07,5.96e-08,4.59e-07,7.02e-10
Sample 5,,,58.3,2.3,0.000258118,2.81e-05,1.87e-06,0.005408914,0.0,0.0,0.0,1.19e-05,0.000188983,2.13e-07,0.006693036,3.58e-07,0.0,8.71e-07,1.38e-05,0.001610265,0.00019156,0.000604635,6.34e-05,0.000165669,2.21e-07,3.51e-05,0.000815373,9.03e-08,3.08e-08,1.82e-06,5.73e-05,5.09e-09,1.87e-08,1.76e-09,5.63e-07,3.3e-08,5.74e-07,2.02e-06,3.08e-07,2.14e-07,3.07e-10,3.87e-10,1.77e-09,4.27e-10,4.38e-10,1.17e-08,9.1e-08,1.65e-07,1.43e-07,4.48e-11,3.21e-09,2.54e-09,6.42e-09,3.7e-09,0.0,1.0,-3.5581,-7.5312,-13.5353,-5.3608,-31.5376,-20.1293,-4.4547,-7.0198,-11.0198,-19.402,-12.9109,-13.125,-16.7055,-6.8712,-12.5077,-16.4631,-10.7179,-13.0389,-16.072,-19.9259,-14.7732,-32.2915,-9.4486,-19.0595,-11.1455,-6.7286,-20.7037,-19.3581,-29.5006,-46.2351,-4.0961,-7.9866,-12.3059,-15.8145,-9.6382,-10.4907,-12.2082,-13.2722,-4.526,-9.6151,-11.4634,-14.7237,-18.9186,-24.0333,-14.8087,-21.0098,-23.4139,-43.9273,-16.432,-3.7834,-20.033,-29.5061,-26.5116,-27.5972,,-8.535,-23.2954,-3.5864,-15.3749,-11.7009,-13.7892,-21.0431,-41.9126,-15.2242,-21.4828,-33.0661,-11.7806,-13.7613,-15.1565,-26.4503,-11.9239,-12.7679,-7.1032,-13.6761,-10.8397,-19.2348,-21.7247,-8.9839,-23.4014,-12.2752,-17.12,-24.66,-22.6572,-28.4105,-29.1228,-13.7785,-17.8603,-37.8621,-13.8065,-6.391,-8.8497,-5.5286,-12.6799,-7.7072,-22.7602,-13.7344,-5.5069,-22.646,-5.215,-14.8993,-14.9559,-4.6899,-8.2476,-8.2739,-13.2438,-8.3758,-2.3,-31.5381,-6.6299,-52.6313,-0.000158947,-17.1656,-15.3731,,-49.9656,-6.7977,-5.7282,,-8.9057,-6.5134,-15.2788,,-50.3682,-6.7537,-7.6097,-15.886,-9.6673,-25.0566,-11.0817,-21.631,-13.376,-33.2993,-6.8869,-14.9785,-29.5201,,-7.5414,-30.6686,-20.0494,-7.5685,-27.1568,-5.234,-14.1831,-12.1413,-8.3262,-28.7386,-10.7145,-13.8513,-11.566,-9.6072,-12.0271,-17.5668,-31.0558,-8.8126,-57.0871,-9.4123,-29.7839,,-9.3891,-26.0548,-19.6705,-27.1732,-53.8273,-11.6826,-10.0837,,-7.9318,-9.2271,-18.1967,-37.1456,-2.5723,-22.0051,-14.7948,-76.8323,-38.9522,-45.7366,-19.7791,-14.3482,-8.5716,-22.533,-25.0636,-10.8414,-16.1114,-3.2914,-11.4828,-9.2345,-8.919,-14.3503,-4.9938,-79.9234,-8.2768,-11.4377,-15.4554,-19.7277,-24.3433,-16.7733,-10.2804,-13.935,-18.6732,-24.1709,-12.7064,-13.6203,-14.2598,-19.0964,-34.7417,-25.2347,-13.1305,-6.9568,-4.9223,-10.0964,-15.3122,-4.528,-8.3616,-16.7158,-9.4527,-10.9212,-12.4652,-12.7819,-4.8303,-6.0362,-14.3362,-9.5609,-11.4403,-21.4999,-41.0914,-23.0088,-31.2548,-13.2999,-6.5851,-11.064,-11.3988,-96.5149,-100.0053,-65.35,-2.8613,-10.7736,-7.3037,-10.0949,-10.6033,-13.8112,-4.7141,-14.196,-9.8078,-3.7822,-7.9697,-12.5921,-13.1339,-21.1317,-39.3377,-15.4487,,-6.1195,-4.5494,-68.3756,-10.7641,-26.7152,-14.9235,-23.8235,-8.4315,-10.6476,-13.7751,-17.8592,-22.0123,-12.7605,-17.9057,-19.0534,-12.409,-21.5233,-5.7569,-13.442,-10.2535,-11.1394,-16.5822,,-79.2036,-52.6904,-31.2195,-16.1575,-24.57,-2.2669,-9.6537,-11.4132,-10.3,-37.2176,-42.2833,-2.6837,-6.7488,-10.5926,-18.8831,-12.8615,-12.6308,-16.3124,-11.2779,-19.9969,-14.4757,-16.499,-17.4252,-15.9102,-23.2328,-8.5962,-18.1905,-39.9351,-65.9508,-42.5171,-71.8159,-38.6782,-36.5598,-84.1497,-22.9365,-8.6796,-37.4854,-10.8574,-13.5182,-51.8096,-30.0943,-68.5642,-47.41,-28.1095,-28.2363,-12.6153,-7.2539,-24.8943,-50.997,-27.2745,-15.4599,-10.0527,-7.2005,-16.5243,-29.8831,-11.2669,-6.4793,-9.2437,-13.1434,-17.4747,-11.6123,-17.8717,-34.8192,-10.6991,-13.8137,-9.9018,-12.5974,-10.7105,2.3,-7.76649,-9.47217,-7.76649,1.13238,-9.88999,,-9.39562,-5.09423,-3.10747,,,-0.12885,43.84704,-4.79057,,,51.38139,-4.04775,,1.4801,-4.54851,0.73714,,6.52809,1.11583,1.11583,0.55708,-3.74377,0.46591,,,,-4.21411,-2.96493,3.65216,,-3.14372,7.46308,,-4.55054,,-1.13867,-9.10045,,,,,,,-4.54481,-7.88682,,,33.73106,0.54635,1.85016,,-9.4232,-6.06723,-9.86085,,-5.17023,,,,,-8.3052,1.025,0.132,0.658,,1.025,0.00057738432636,5.4013,2.7007,0.0169381,0.010689712178,-0.010401020015,0.010978404341,0.0235684,0.021379424356,-126.45903,-41.12499,-1.80179,-35.77734,-0.81949,-4.45497,-8.08134,-55.64252,-1.4928,-14.32727,-36.95586,0.000815373,3.51e-05,1.65e-07,2.21e-07,2.13e-07,0.000165669,4.27e-10,0.000188983,5.09e-09,3.08e-08,9.1e-08,1.76e-09,1.19e-05,5.73e-05,3.3e-08,0.00897797,5.74e-07,0.000258118,4.48e-11,3.58e-07,1.87e-06,0.000604635,1.43e-07,1.38e-05,6.34e-05,1.82e-06,1.77e-09,0.00161027,3.87e-10,0.00019156,1.87e-08,,8.71e-07,2.81e-05,6.42e-09,2.02e-06,1.17e-08,0.00540891,4.38e-10,0.00669304,3.08e-07,2.54e-09,3.7e-09,9.03e-08,3.21e-09,2.14e-07,5.63e-07,3.07e-10
Sample 6,,,62.3,2.362,0.00020816,2.5e-05,6.24e-07,0.003994275,0.0,0.0,0.0,4.37e-05,0.000149776,1.75e-07,0.007575518,0.0,3.91e-08,8.39e-08,6.48e-06,0.001684211,0.000202665,0.000622794,7.32e-05,0.000151697,0.0,0.0,0.0,0.0,0.0,0.0,5.19e-05,0.0,0.0,0.0,0.0,0.0,0.0,0.0,0.0,0.0,0.0,0.0,0.0,0.0,0.0,0.0,0.0,0.0,0.0,0.0,0.0,0.0,0.0,0.0,0.0,1.0,,,,,,,,,,,,,,,,,,,,,,,,,,-6.8101,-21.1632,-19.4078,-29.5395,-46.1406,-4.1393,-8.0998,-12.5304,-15.7728,-8.9774,-10.5466,-12.269,-13.1093,-4.4809,,,,,,,,,,,-3.8801,-20.0375,-29.452,-26.5475,-27.6998,,,,-3.6801,-15.3312,,,,,,,,,,,,,,,,,,,,,,,,,,,,,,,-5.7127,-8.8607,-5.8015,-12.7684,-8.0572,-22.7572,-13.0521,-5.0511,-22.3194,-5.2238,-14.6071,-14.8075,-4.8224,,,,,-2.362,,,-54.0057,-0.000144388,-17.0099,,,,,-6.2048,,,,,,,,,,,,,,-13.5148,,-7.0481,-15.0614,-29.4895,,-7.5732,,,,,-4.5816,,-10.8025,-8.1761,-28.3065,,,,,,,,,-58.3732,,,-7.513,-10.4234,-25.7898,,,,,-10.4709,,,-9.2632,,-36.5704,-2.5125,-21.7449,,,,,,,,,,,,-3.2754,-11.5163,-9.2724,-8.7926,-14.1618,-4.8938,,,,,,,,,,,,,,,,,,,,-5.246,-10.4995,-15.4746,-4.478,-8.3924,-16.5944,-8.7042,-10.8827,-12.4412,-12.5476,-4.6914,,,,,,,,,,,,-13.1961,-97.2671,,-66.536,-2.8385,-10.8105,-7.3617,-9.3742,-10.6499,-13.6284,-4.6047,,-9.6178,-3.7528,,,,,,,-8.1284,-7.1315,-4.6005,-68.514,-10.6085,,,,,,,,,,,,,,,,,,,,-78.0667,-51.9512,-30.8462,,-20.9686,-2.3986,,,,-36.6567,-41.6789,-2.6161,,,,,,,,,,,,,,,,,,,,,,,,,,,,,,,,,,,,,,,,,,,,,,,,,,,,,,,,,2.362,,,,,,,,,-3.02015,,,,,,,,,,,1.22412,,0.48017,,,0.86187,0.86187,0.30799,,,,,-8.69449,,,3.73204,,,7.66221,,,,,,,,,,,,,,,,31.96758,,1.59415,,,,,,,,,,,,1.015,0.129,0.64,0.681,1.015,-0.003894423187,-40.0082,-20.0041,0.0139663,0.009734054805,-0.011681266399,0.0077868432115,0.0214587,0.01946810961,-124.77015,-40.63575,-1.86677,-35.22005,-0.73874,-4.90548,-9.87059,-55.78957,-1.5328,-14.93582,-36.3532,,,,,1.75e-07,0.000151697,,0.000149776,,,,,4.37e-05,5.19e-05,,0.00858943,,0.00020816,,,6.24e-07,0.000622794,,6.48e-06,7.32e-05,,,0.00168421,,0.000202665,,3.91e-08,8.39e-08,2.5e-05,,,,0.00399428,,0.00757552,,,,,,,,
Sample 7,,,52.9,2.436,0.0,3.13e-06,1.95e-05,0.00458343,0.0,0.0,0.0,0.000139485,0.002948693,2.42e-06,0.004370667,0.0,9.06e-06,6.19e-06,0.000120876,0.004126142,0.000126596,0.00040309,1.9e-05,0.000148703,2.1e-07,0.000203496,0.001015511,5.1e-08,2.69e-08,3.82e-06,6.68e-05,6.79e-09,1.53e-08,3.78e-09,8.11e-07,9.18e-08,5.21e-06,1.3e-06,2.51e-07,1.23e-07,2.96e-09,1.08e-10,1.2e-08,4.63e-10,1.18e-10,8.54e-09,3.91e-07,2.48e-07,1.32e-07,4.48e-11,8.98e-09,1.04e-09,1.03e-08,3.78e-09,0.0,1.0,-3.4615,-7.4237,-13.3424,-5.2646,-30.5255,-18.8446,-3.6914,-6.8428,-9.6974,,-11.418,,-16.6145,-6.8934,-11.7903,-14.662,-9.7123,-10.6918,-12.4665,-15.2657,-14.6957,-32.1774,-9.4109,-13.3057,-10.2804,-5.6731,-18.1901,-18.8595,-30.0429,-47.4752,-4.1224,-6.8541,-9.9578,,-8.3485,,-12.2397,-13.3633,-4.6818,-9.6351,-10.2919,-12.3507,-15.3244,-19.1902,-13.5045,-18.3423,-23.4473,-43.9666,-16.4581,-2.5901,-19.4808,-29.5479,-26.941,-28.4465,,-8.4122,-23.5682,,,-10.3983,-12.3411,-20.9034,-41.7927,-15.1191,-21.7309,-32.9517,-11.4374,-13.8357,-14.7896,-26.0831,-11.8194,-12.4,-6.4709,-12.0091,-9.0429,-18.6472,-21.4083,-8.6536,-21.8628,-10.7725,-14.4346,-21.8669,-18.7612,-24.3752,-23.9813,-12.1179,-17.4548,-37.4729,-13.4592,-5.0423,-9.1214,-5.9149,-11.7821,-6.925,-20.9289,-12.6756,-4.6122,-22.9431,-5.5264,-15.186,-15.2269,-5.0495,-7.8435,-7.7891,-12.653,-7.8708,-2.436,-30.527,-5.593,-50.2232,-0.000163544,-17.8955,,,,,-4.71,,-9.0235,-5.6382,,,,,-7.8284,,-9.5416,-24.1176,-9.9042,-21.4839,-12.9742,-33.3113,-5.8232,-14.5376,-29.7492,,,-30.5045,-19.7149,-7.6273,-26.7809,-4.0695,-14.2646,-9.6406,-8.6384,-28.9603,-10.7113,-13.6613,-11.5932,-9.0959,-11.8924,-17.3117,-30.7322,-7.983,-54.5814,-9.9666,-29.8049,-5.1539,-8.7285,-26.7167,,-26.9102,,,-8.9709,,-8.0685,-9.2095,-18.5327,-37.6603,-2.8834,-23.1063,-15.709,-77.3226,-38.9422,-45.4877,-19.5433,-14.3823,-8.1346,-22.911,-24.8364,-9.7415,-14.8875,-3.4654,-10.6446,-8.2736,-9.472,-14.5438,-5.2912,-80.8947,-8.1787,-10.2004,-13.0452,-16.1023,-19.4579,,-8.9201,-11.2153,-14.5486,-18.5784,,,-13.2534,-19.1292,-34.8526,-25.3165,-13.116,-7.0189,-3.9798,-7.9828,-14.373,-5.0244,-7.6842,,-8.6253,,-12.9554,-13.3115,-5.457,-5.6972,-14.2411,-8.0948,-9.7754,-21.2035,-40.7952,-23.7433,-31.6726,-12.981,-6.387,-10.0666,-7.8882,-93.6572,-97.2589,-62.7644,-2.4512,-9.3369,-5.7211,-8.3622,-10.1278,-13.4029,-4.4312,-14.6097,-9.9884,-3.962,-8.0565,-11.5149,-11.8938,-21.3847,-39.3904,-15.5543,-5.7463,-5.2694,-5.5026,,-10.7606,,-12.3731,-20.1465,-8.2498,-9.2976,-11.2485,-14.1433,-17.0872,-11.2361,-15.0196,-18.8427,-12.0752,,-5.9484,-12.6184,-9.2899,-9.9909,-16.7939,,-80.2159,-53.6627,-32.708,-16.2261,-16.9613,-2.3388,-10.2344,-11.8244,-10.812,-37.9315,-42.6196,-2.7865,-6.8377,-9.5224,,-11.6286,,-16.4772,-11.8724,-21.1054,-13.8897,-16.35,-16.6941,-16.8972,-24.1608,-8.9836,-19.1827,-40.0756,-66.3575,-42.6716,-72.277,-38.741,-36.3641,-84.635,-22.8972,-8.67,-37.5085,-10.819,-13.3632,-51.9475,-29.8881,-69.0214,-47.8241,-28.438,-28.5061,-12.841,-7.5171,-24.8492,-51.3704,-27.5813,-15.6197,-9.4427,-7.4399,-16.8541,-30.251,-11.5639,-6.3257,-8.0253,-10.712,-13.813,-10.1324,-17.732,-34.559,-10.6053,-12.943,-8.9119,-11.4414,-9.7781,2.436,-6.63109,-8.35204,-6.63109,1.30139,-8.71935,,-8.73448,-4.88961,-3.36082,,,0.04416,46.38435,-4.42713,,,50.47826,-4.31462,,1.44957,-0.1937,0.70792,,9.16247,1.08256,1.08256,0.51694,-3.36315,1.20599,,,-6.40314,-1.70427,-2.53325,3.39633,-9.93508,-2.4116,6.89865,,-4.23159,,-0.40644,-8.4272,,,,,,,-4.22724,-6.81109,,,36.64165,1.18194,1.81967,,-9.76602,-5.76824,-9.20468,,-2.86983,,,,,-6.00535,1.008,0.116,0.661,0.667,1.008,0.0022112891932,19.6956,9.8478,0.0172809,0.011227349956,-0.01012170536,0.012332994553,0.0206359,0.022454699913,,,,-36.03966,-0.93221,-3.47482,-4.58421,-54.16491,-2.4629,-13.17399,-37.72955,0.00101551,0.000203496,2.48e-07,2.1e-07,2.42e-06,0.000148703,4.63e-10,0.00294869,6.79e-09,2.69e-08,3.91e-07,3.78e-09,0.000139485,6.68e-05,9.18e-08,0.00577744,5.21e-06,,4.48e-11,,1.95e-05,0.00040309,1.32e-07,0.000120876,1.9e-05,3.82e-06,1.2e-08,0.00412614,1.08e-10,0.000126596,1.53e-08,9.06e-06,6.19e-06,3.13e-06,1.03e-08,1.3e-06,8.54e-09,0.00458343,1.18e-10,0.00437067,2.51e-07,1.04e-09,3.78e-09,5.1e-08,8.98e-09,1.23e-07,8.11e-07,2.96e-09
Sample 8,,,47.1,2.507,6.66e-05,8.13e-05,1.86e-05,0.001814067,0.0,0.0,0.0,0.000178436,0.004369447,5.51e-06,0.005515353,3.47e-07,1.26e-07,2.58e-07,0.000269414,0.006554154,0.000176569,0.000756816,2.26e-05,0.000120509,0.0,0.0,0.0,0.0,0.0,0.0,6.16e-05,0.0,0.0,0.0,0.0,0.0,0.0,0.0,0.0,0.0,0.0,0.0,0.0,0.0,0.0,0.0,0.0,0.0,0.0,0.0,0.0,0.0,0.0,0.0,0.0,1.035450121945168,,,,,,,,,,,,,,,,,,,,,,,,,,-5.3144,-16.4367,-17.8845,-27.7539,-44.7257,-4.2287,-6.8229,-9.7268,-16.2965,-8.2409,-11.0619,-12.7504,-13.6225,-4.6664,,,,,,,,,,,-2.4179,-18.7858,-28.2776,-24.8656,-25.6019,,,,-4.1748,-15.6118,,,,,,,,,,,,,,,,,,,,,,,,,,,,,,,-4.7963,-9.8316,-6.0545,-12.343,-6.9167,-21.6042,-13.1565,-4.5777,-23.8428,-5.7461,-15.5407,-16.0165,-5.2403,,,,,-2.507,,,-56.9675,-0.000171907,-17.4722,-15.361,,-51.8973,-6.6986,-4.7305,,,,-15.4928,,-52.5426,-6.9222,,-16.3594,,,,,-12.0241,,-5.711,-13.8839,-28.6039,,-7.9354,,,,,-3.9453,,-9.2855,-8.9422,-29.8566,,,,,,,,,-61.2991,,,-7.0186,-10.2337,-26.3011,-19.4425,,-55.5304,-11.3733,-8.9706,,,-9.5925,,-39.1222,-2.8824,-22.7466,,,,,,,,,,,,-3.1923,-10.0598,-7.8921,-9.2705,-14.3755,-4.8899,,,,,,,,,,,,,,,,,,,,-3.6302,-7.4835,-14.109,-4.9703,-7.4759,-17.4684,-8.3485,-11.8054,-13.2931,-13.374,-5.2824,,,,,,,,,,,,-14.6392,,,-69.4779,-2.2503,-8.8077,-5.3693,-7.9425,-10.2545,-13.2863,-4.1064,,-9.9233,-3.8159,,,,,,,-7.5755,-6.6461,-4.0881,-72.9481,-10.8403,-26.2484,,,,,,,,,,,,-21.0514,,,,,,,-83.122,-55.2883,-32.4351,,-16.0117,-2.7413,,,,-39.5302,-43.9674,-2.6384,,,,,,,,,,,,,,,,,,,,,,,,,,,,,,,,,,,,,,,,,,,,,,,,,,,,,,,,,2.507,,,,,,,,,-3.35224,,,,,,,,,,,0.94948,,0.2092,,,0.57952,0.57952,0.00616,,,,,-5.69975,,,3.19357,-9.20629,,6.43707,,,,,,,,,,,,,,,,37.3646,,1.31962,,,,,,,,-9.74158,,,,1.034,0.115,0.65,0.682,1.034,-0.0022626257648,-17.9009,-8.9504,0.016716,0.012639764201,-0.013771077083,0.011508451319,0.0202595,0.025279528402,-132.90422,-43.58463,-2.48123,-37.56812,-1.05824,-3.53987,-11.3533,-59.70617,-1.0701,-13.40846,-39.39715,,,,,5.51e-06,0.000120509,,0.00436945,,,,,0.000178436,6.16e-05,,0.00524138,,6.66e-05,,3.47e-07,1.86e-05,0.000756816,,0.000269414,2.26e-05,,,0.00655415,,0.000176569,,1.26e-07,2.58e-07,8.13e-05,,,,0.00181407,,0.00551535,,,,,,,,
Sample 9,,,36.8,2.7,8.33e-06,1.53e-05,1.28e-06,0.004976201,0.0,0.0,0.0,0.000448459,0.010161904,1.33e-05,0.003757052,2.11e-08,0.0,8.06e-08,0.000635355,0.012652023,0.000110494,0.000686224,4.94e-06,0.000116517,0.0,0.0,0.0,0.0,0.0,0.0,1.61e-06,0.0,0.0,0.0,0.0,0.0,0.0,0.0,0.0,0.0,0.0,0.0,0.0,0.0,0.0,0.0,0.0,0.0,0.0,0.0,0.0,0.0,0.0,0.0,0.0,1.1508604696916143,,,,,,,,,,,,,,,,,,,,,,,,,,-4.9346,-15.8214,-18.0412,-28.8313,-46.6291,-4.2302,-6.5169,-8.9989,-17.0067,-7.5318,-11.8308,-12.2454,-13.8512,-4.8261,,,,,,,,,,,-2.0547,-19.134,-29.2379,-26.0092,-26.9957,,,,-5.0774,-16.2207,,,,,,,,,,,,,,,,,,,,,,,,,,,,,,,-4.0364,-12.1356,-8.1972,-14.3169,-8.7329,-23.744,-14.7227,-6.0859,-26.3824,-7.9258,-17.8569,-18.4081,-7.4199,,,,,-2.7,,,-58.7959,-0.000265884,-18.3716,-17.8296,,-54.4457,-7.8468,-5.8928,,,,-18.1687,,-55.3147,-8.3162,,-19.275,,,,,-12.2813,,-5.5103,-14.3632,-29.8505,,-8.6746,,,,,-3.4665,,-8.0783,-11.2262,-32.3294,,,,,,,,,-63.0226,,,,-11.0368,-27.1624,-21.7197,,-57.8749,-12.3367,-10.0448,,,-9.0559,,-40.6085,-3.3227,-24.2004,,,,,,,,,,,,-3.2364,-9.8083,-7.6887,-9.8825,-14.5618,-5.0793,,,,,,,,,,,,,,,,,,,,-3.2613,-6.7875,-13.8445,-5.6086,-7.7747,-18.7773,-8.259,-13.2143,-13.4009,-14.1672,-6.081,,,,,,,,,,,,-14.7851,,,-71.1447,-1.9668,-8.1966,-4.7579,-6.9454,-9.3253,-13.1058,-3.977,,-10.2212,-4.0234,,,,,,,,-7.1545,-4.8132,-75.3904,-10.9374,-28.3256,,,,,,,,,,,,-21.8803,,,,,,,-86.0662,-57.5278,-34.5013,,-11.4528,-2.3031,,,,-41.3214,-45.1913,-2.7548,,,,,,,,,,,,,,,,,,,,,,,,,,,,,,,,,,,,,,,,,,,,,,,,,,,,,,,,,2.7,,,,,,,,,-3.59266,,,,,,,,,,,1.76408,,1.02616,,,1.3889,1.3889,0.80082,,,,,-3.30051,,,0.42068,-7.97615,,0.79346,,,,,,,,,,,,,,,,31.841,,2.13428,,,,,,,,-8.85596,,,,1.025,0.116,0.644,,1.025,-0.00065794900579,-3.9306,-1.9653,0.0199131,0.016738941514,-0.017067916017,0.016409967011,0.0216987,0.033477883029,-137.20624,-45.74251,-3.48221,-38.73774,-1.29544,-4.79128,-11.54128,-61.30145,-1.8437,-15.78719,-41.32304,,,,,1.33e-05,0.000116517,,0.0101619,,,,,0.000448459,1.61e-06,,0.00315934,,8.33e-06,,2.11e-08,1.28e-06,0.000686224,,0.000635355,4.94e-06,,,0.012652,,0.000110494,,,8.06e-08,1.53e-05,,,,0.0049762,,0.00375705,,,,,,,,
Sample 10,,,80.3,2.931,1.67e-05,0.0,0.0,0.0,0.0,0.0,0.0,0.000179489,9.9e-05,6.88e-08,0.002093057,2.32e-08,4.35e-08,4.68e-06,8.93e-06,0.001575468,0.000207662,0.000537368,6.17e-06,5.64e-05,0.0,0.0,0.0,0.0,0.0,0.0,0.0,0.0,0.0,0.0,0.0,0.0,0.0,0.0,0.0,0.0,0.0,0.0,0.0,0.0,0.0,0.0,0.0,0.0,0.0,0.0,0.0,0.0,0.0,0.0,0.0,1.0,,,,,,,,,,,,,,,,,,,,,,,,,,-7.1985,-22.9591,-18.8117,-27.1968,-42.3826,-4.4619,-8.4515,-13.0893,-15.8534,-8.0117,-11.3192,,-12.2593,-5.0834,,,,,,,,,,,-4.0415,-18.9598,-27.276,-23.8987,-24.4796,,,,-4.7769,-15.2806,,,,,,,,,,,,,,,,,,,,,,,,,,,,,,,-4.555,,,,,,,,,,,,,,,,,-2.931,,,-51.7325,-4.4974e-05,-15.5082,-17.0001,-97.3348,-48.4696,-7.791,,,,,-17.4889,-98.1024,-49.4264,-8.2505,,-18.6199,,,,,-13.5883,,-7.7676,-14.609,-27.7045,,-8.1279,,,,,-3.8263,,-8.8613,,,,,,,,,,,-55.4302,,,-7.6968,-9.0489,-23.5366,-20.7121,,-51.7679,-12.0835,,,,,,-35.9559,-3.2148,-20.745,,,,,,,,,,,,-3.3137,-11.8007,-9.2842,-9.3042,-13.1796,-5.2306,,,,,,,,,,,,,,,,,,,,-5.0871,-10.4163,-14.3379,-5.44,-9.4283,-17.3723,-8.4003,-12.2906,,-12.4219,-5.9319,,,,,,,,,,,,-13.5388,-95.2457,-99.4605,-62.8871,-2.8443,-11.1032,-7.4516,-8.1297,,-12.6642,-4.8998,,-8.6013,-3.7214,,,,,,,-7.6668,-5.3667,,-67.1898,-9.663,-27.2505,,,,,,,,,,,,-21.2565,,,,,,,-76.9027,-51.6103,-30.3402,,,,,,,-36.3873,-40.656,-3.0004,,,,,,,,,,,,,,,,,,,,,,,,,,,,,,,,,,,,,,,,,,,,,,,,,,,,,,,,,2.931,,,,,,,,,-3.88396,,,,,,,,,,,,,,,,,,,,,,,-5.9234,,,,,,,,,,,,,,,,,,,,,,,,,,,,,,,,,,,,0.978,,0.587,0.673,,6.535885603e-05,1.79,0.895,0.00510532,0.0036512621046,-0.0036185826765,0.0036839415326,0.00667448,0.0073025242091,-121.79125,-40.14334,-2.85603,-33.72888,-0.40235,,-10.1957,-54.08899,0.0,,-35.92015,,,,,6.88e-08,5.64e-05,,9.9e-05,,,,,0.000179489,,,0.00209694,,1.67e-05,,2.32e-08,,0.000537368,,8.93e-06,6.17e-06,,,0.00157547,,0.000207662,,4.35e-08,4.68e-06,,,,,,,0.00209306,,,,,,,,
Sample 11,,,84.7,2.999,0.000194957,0.0,0.0,0.0,0.0,0.0,0.0,0.000518991,0.004795081,3.95e-06,0.00441553,2.63e-06,0.0,1.61e-05,0.000276041,0.010535015,0.000320378,0.000276485,2.67e-06,3.52e-05,2.55e-07,0.000194247,8.52e-05,3.65e-08,4.42e-09,5.11e-07,1.5e-05,3.56e-09,2.56e-08,1.02e-08,2.16e-07,5.16e-08,8.81e-06,1.38e-06,7.19e-08,6.86e-09,1.21e-08,6.89e-10,8.76e-08,4.27e-10,2.02e-10,1.44e-07,6.4e-07,1.72e-07,1.1e-08,5.38e-10,4.07e-07,1.37e-09,1.16e-08,4.54e-10,0.0,1.0,-4.6322,-6.0591,-9.8411,-5.1134,-28.6247,-17.3086,-3.7116,-7.0096,-9.3573,-17.8103,-10.4111,-12.23,-15.03,-7.276,-9.4474,-11.4732,-7.3426,-7.2812,-7.5718,-7.7795,-13.0154,-28.1286,-8.8069,-11.0947,-9.5755,-5.4625,-17.9366,-17.0258,-25.3621,-40.3989,-4.79,-7.0845,-10.0691,-14.9383,-7.8337,-10.494,,-12.3824,-5.1433,-9.7207,-10.1156,-11.9726,-14.8601,-18.7955,-12.4554,-16.3754,-20.8726,-38.8077,-15.2109,-2.3814,-17.1917,-25.4317,-22.1212,-22.7463,,-8.7031,-23.7206,-3.7085,-14.0856,-10.3674,-11.5095,-18.6855,-36.9065,-14.0036,-20.7154,-35.7472,-17.488,-15.6519,-18.3818,-27.0813,-12.2362,-17.2702,-6.26,-11.4666,-8.4572,-16.9235,-18.9017,-8.2335,-19.2783,-9.9868,-13.3422,-19.3773,-17.5228,-21.9091,-22.7907,-10.5958,-14.8525,-32.2308,-11.8315,-4.084,-9.8096,-7.9879,-12.0898,-8.6166,-19.5868,-12.2673,-5.3207,-20.8957,-5.4338,-12.6439,-14.6148,-5.9712,-9.7806,-7.5732,-10.4155,-9.024,-2.999,-28.6181,-5.2315,-50.1639,-0.000166443,-15.3414,-12.8364,-94.0483,-45.8246,-5.7446,,,-8.0832,-5.6798,-13.3821,-94.8671,-46.8332,-6.2455,-7.6504,-14.559,-7.0005,-23.0987,-9.0392,-18.8713,-11.8903,-29.5603,-6.1679,-12.9186,-25.8838,-98.2081,-7.0042,-27.1147,-21.8461,-8.4134,-22.745,-3.3816,-15.2961,-7.9408,-7.2702,-26.0232,-9.6131,-10.9419,-11.5975,-7.7366,-10.1536,-13.6642,-27.6911,-7.128,-53.7732,-9.1618,-26.0303,,-8.5609,-23.264,-16.4934,-23.504,-49.072,-9.9813,,,-6.8416,,-16.2004,-35.2454,-2.9798,-20.2942,-14.2112,-70.9607,-37.2028,-42.4137,-17.8377,-12.5629,-6.5109,-19.6019,-21.9689,-8.4688,-11.7258,-3.6339,-10.3504,-7.8994,-9.3332,-13.3321,-5.287,-74.5568,-9.6721,-11.146,-13.6516,-16.6247,-20.169,-16.9827,-8.9399,-10.3147,-12.9987,-16.7507,-13.0645,-14.2485,-14.5996,-17.341,-30.0728,-22.0089,-12.8605,-8.1481,-3.6229,-7.2693,-12.7147,-5.9296,-8.2331,-16.6323,-8.3887,-11.6261,,-12.7243,-6.1531,-6.6178,-15.8515,-8.404,-9.5712,-19.3061,-36.3508,-18.462,-26.1594,-12.4951,-7.0392,-8.875,-12.3891,-93.1502,-97.4506,-61.1364,-2.0485,-8.5459,-4.9756,-6.8394,,-11.7116,-3.8384,-13.3184,-8.277,-3.5605,-7.8406,-10.8948,-10.5651,-17.6588,-34.1868,-13.9194,,-4.8544,,-64.7619,-9.5134,-22.997,,,-8.2409,-8.9087,-10.5395,-13.1925,-16.0097,-10.2005,-13.0711,-16.4194,-11.6099,-19.0859,-5.9247,-12.1532,-8.8386,-8.9508,-15.3888,,-75.4985,-50.5691,-29.6103,-14.0801,,,-10.4293,-10.3596,-10.0893,-35.6879,-39.9195,-2.7601,-7.3887,-9.6413,-17.9258,-11.0382,-12.3686,-15.3252,-11.899,-22.3362,-13.6261,-17.703,-15.6256,-16.2493,-21.2736,-8.8638,-19.7636,-40.1003,-64.2593,-43.921,-67.3189,-37.9109,-34.3191,-76.9854,-22.0296,-9.6219,-34.9821,-10.6401,-12.5187,-47.5093,-26.766,-65.3606,-47.0623,-30.1408,-27.9737,-14.4839,-8.3937,-22.1941,-49.5152,-28.1235,-16.3331,-7.5103,-8.71,-15.0702,-25.6835,-11.2347,-6.9513,-7.7034,-10.2566,-13.325,-9.6387,-15.6934,-30.5943,-9.607,-14.3672,-8.3894,-9.192,-10.2168,2.999,,,,6.61105,,,,-5.21454,-3.96098,,,-0.42033,,-1.20935,-9.60825,,52.27646,-5.19981,,,,,-5.02723,,,,,-0.24589,,,,-4.97739,,0.27123,4.46388,-9.87799,,9.35071,,,,,,,,,-9.69015,,,,,,,,,,,-8.97373,,,,,,,,,,0.967,,0.579,,,0.00033873756153,2.7055,1.3527,0.015823,0.012520514638,-0.012351145858,0.012689883419,0.0192734,0.025041029277,-119.09764,-38.5401,-1.76624,-33.21421,-0.3265,,-9.04588,-52.82786,0.0,,-35.18624,8.52e-05,0.000194247,1.72e-07,2.55e-07,3.95e-06,3.52e-05,4.27e-10,0.00479508,3.56e-09,4.42e-09,6.4e-07,1.02e-08,0.000518991,1.5e-05,5.16e-08,0.00293993,8.81e-06,0.000194957,5.38e-10,2.63e-06,,0.000276485,1.1e-08,0.000276041,2.67e-06,5.11e-07,8.76e-08,0.010535,6.89e-10,0.000320378,2.56e-08,,1.61e-05,,1.16e-08,1.38e-06,1.44e-07,,2.02e-10,0.00441553,7.19e-08,1.37e-09,4.54e-10,3.65e-08,4.07e-07,6.86e-09,2.16e-07,1.21e-08
Sample 12,,,42.9,3.115,0.002164863,8.13e-05,5.61e-07,0.00485138,0.0,0.0,0.0,0.000205807,0.003155727,4.38e-06,0.006789424,2.11e-07,0.0,6.45e-07,0.000793834,0.018709874,0.000125486,0.000627398,0.0,0.000145958,0.0,0.0,0.0,0.0,0.0,0.0,1.13e-05,0.0,0.0,0.0,0.0,0.0,0.0,0.0,0.0,0.0,0.0,0.0,0.0,0.0,0.0,0.0,0.0,0.0,0.0,0.0,0.0,0.0,0.0,0.0,0.0,1.0853907165404042,,,,,,,,,,,,,,,,,,,,,,,,,,-5.4227,-17.8901,-18.0618,-28.0079,-45.1647,-4.1985,-6.9676,-10.0003,-13.6125,-7.5836,-8.9343,-11.7368,-13.1522,-4.5078,,,,,,,,,,,-2.5691,-19.0758,-28.6668,-25.1825,-25.8733,,,,-2.6623,-12.9168,,,,,,,,,,,,,,,,,,,,,,,,,,,,,,,-4.1477,-10.8126,-7.4289,-13.49,-8.4583,-23.1149,-13.4992,-5.355,-23.8562,-6.0726,-14.8595,-16.5019,-6.0985,,,,,-3.115,,,-58.1612,-0.000280577,-17.686,-15.6123,,-52.694,-6.7893,-6.2511,,,,-16.3583,,-53.96,-7.6427,,-17.8521,,,,,-12.7733,,-6.4595,-14.7581,-29.6396,,-5.8249,,,,,-3.941,,-8.6448,-8.7785,-29.3125,,,,,,,,,-61.9193,,,,-10.4946,-25.9676,-19.0852,,-55.7136,-10.8579,-9.9235,,,-8.5955,,-40.2018,-3.3981,-23.5227,,,,,,,,,,,,-3.2879,-10.298,-8.1856,-9.9341,-13.9962,-4.8519,,,,,,,,,,,,,,,,,,,,-3.1713,-7.1911,-13.1604,,,,,,,,,,,,,,,,,,,,-15.3067,,,-69.5429,-1.807,-8.4943,-5.092,-6.8699,-8.7714,-12.3526,-3.533,,-9.5882,-3.9754,,,,,,,,-6.2574,-4.0873,-72.0412,-10.3471,-25.2776,,,,,,,,,,,,-19.9497,,,,,,,-85.2693,-57.008,-33.7944,,-13.9969,-2.3141,,,,-41.2642,-44.4096,-2.4921,,,,,,,,,,,,,,,,,,,,,,,,,,,,,,,,,,,,,,,,,,,,,,,,,,,,,,,,,3.115,,,,,,,,,-3.13039,,,,,,,,,,,1.64373,,0.90441,,,1.27163,1.27163,0.69242,,,,,-3.68291,,,3.61723,-8.65739,,7.24433,,,,,,,,,,,,,,,,33.72001,,2.01389,,,,,,,,-9.92336,,,,1.002,0.084,0.611,,1.002,0.0050883394916,27.5368,13.7684,0.0245429,0.01847833527,-0.015934165524,0.021022505015,0.0286023,0.036956670539,-133.33243,-42.71885,-1.00707,-38.1814,-1.15293,-5.09523,-12.03639,-60.86626,-1.0881,-16.37801,-41.18413,,,,,4.38e-06,0.000145958,,0.00315573,,,,,0.000205807,1.13e-05,,0.00362845,,0.00216486,,2.11e-07,5.61e-07,0.000627398,,0.000793834,,,,0.0187099,,0.000125486,,,6.45e-07,8.13e-05,,,,0.00485138,,0.00678942,,,,,,,,
Sample 13,,,62.9,3.165,0.000174854,1.25e-05,3.43e-06,0.005508771,0.0,0.0,0.0,6.16e-05,1.35e-05,1.03e-06,0.001859392,3.16e-07,0.0,1.94e-06,3.75e-05,0.002346237,0.000169906,0.000667298,1.52e-05,9.53e-05,4.11e-07,2.96e-06,1.15e-05,3.67e-09,9.42e-10,9.83e-06,4.73e-07,1.6e-09,5.62e-09,3.93e-09,3.03e-07,8.61e-11,6.53e-08,1.76e-06,2.1e-07,4.39e-09,3.4e-10,2.91e-10,1.25e-08,8.01e-10,7.58e-11,2.05e-09,1.28e-06,4.59e-07,2.66e-09,3.92e-11,5.44e-10,4.89e-09,1.54e-08,3.53e-09,0.0,1.0,-5.2881,-7.3161,-11.4363,-6.112,-31.6076,-19.0448,-5.5287,-6.4853,-11.5667,-17.2434,-10.6783,-11.837,-15.1238,-6.5369,-12.9192,-17.9049,-8.447,-9.0907,-10.3784,-12.3186,-12.5666,-28.1626,-8.1858,-16.0502,-11.3278,-6.0231,-20.5681,-18.7629,-29.1866,-45.9147,-4.2265,-9.2095,-14.6686,-14.323,-8.0701,-9.9049,-11.4057,-12.3721,-4.8994,-9.2456,-12.213,-16.6011,-21.9407,-28.2231,-12.7475,-17.2896,-21.0796,-39.6366,-15.0801,-4.9067,-21.1972,-30.7498,-28.0055,-29.3144,,-8.9447,-24.6413,-3.7571,-13.8004,-13.2204,-12.5086,-19.5124,-38.4134,-14.6415,-21.8718,-36.4925,-16.6586,-16.7845,-18.1006,-27.4405,-12.5775,-16.6883,-5.9307,-11.7804,-10.766,-17.05,-20.0164,-8.5499,-22.8388,-12.9448,-18.9016,-25.2695,-25.5745,-30.1816,-33.2048,-11.6579,-15.5346,-33.5715,-12.4094,-4.7222,-11.017,-8.8638,-15.9483,-12.143,-26.9357,-14.2155,-7.1152,-22.8381,-6.6594,-14.4106,-16.1463,-7.0701,-12.1443,-10.2834,-13.3866,-11.3767,-3.165,-31.6069,-7.2904,-52.1448,-8.91822e-05,-17.1336,-14.894,-99.5441,-48.8821,-6.596,-5.4649,,-9.0712,-8.0164,-15.6556,,-50.1343,-7.3912,-8.6695,-17.1059,-8.4916,-26.0421,-10.8831,-18.5039,-13.6767,-30.0059,-8.8779,-17.0265,-31.5845,,-6.8474,-28.1805,-21.9904,-9.062,-23.8311,-4.3886,-16.0357,-9.6177,-8.7945,-28.0158,-10.6832,-12.0178,-12.4848,-10.6621,-11.1238,-14.8108,-27.2767,-7.96,-55.7054,-9.5362,-27.3351,,-9.8379,-25.1037,-18.3329,-23.8416,-51.8903,-10.6207,-8.9241,,-8.6882,-8.3155,-16.5966,-37.4767,-3.6418,-22.9914,-14.6495,-73.5595,-37.3487,-42.3739,-16.9778,-13.6034,-9.4105,-20.9786,-22.3769,-9.9268,-13.3471,-3.2193,-10.6684,-10.2364,-9.8581,-13.2863,-5.1695,-79.2954,-9.7949,-14.0318,-19.1548,-24.5688,-30.3649,-16.7404,-10.0556,-12.0491,-15.1651,-19.0943,-14.0328,-14.4085,-15.4526,-18.5539,-32.1824,-23.6774,-13.6027,-8.6931,-4.4639,-10.7412,-13.8748,-5.0383,-9.9767,-15.6197,-8.2708,-10.714,-12.0522,-12.2868,-5.583,-5.2001,-14.5618,-9.7909,-8.914,-18.6751,-36.3152,-19.7817,-27.0298,-11.4702,-5.9824,-9.3758,-11.2509,-95.6677,-100.0434,-63.0598,-2.671,-9.8527,-8.2182,-8.2131,-9.5396,-12.6434,-4.7688,-13.4618,-8.8559,-3.8086,-8.3991,-14.1185,-11.8744,-19.4692,-35.8881,-14.8845,,-5.749,-4.9025,-66.4783,-9.7917,-24.5323,-12.2475,-19.9979,-7.9607,-11.2774,-15.5131,-20.7166,-26.0059,-10.6138,-14.0994,-16.6539,-11.0876,-19.5835,-5.7925,-12.7381,-11.3801,-9.4984,-15.6256,,-79.8814,-53.9715,-33.2142,-15.9937,-18.1103,-2.2589,-10.7807,-10.7268,-10.507,-38.3588,-41.7872,-2.9506,-6.8249,-11.7616,-17.3321,-11.2446,-11.9509,-15.3492,-11.7972,-22.6158,-16.1069,-20.2931,-16.256,-16.6788,-22.0982,-8.3108,-19.9293,-40.1606,-65.6731,-43.7082,-69.5411,-37.992,-34.1315,-79.9029,-21.6429,-8.6224,-35.162,-9.8475,-11.6275,-48.4149,-26.2941,-67.2683,-49.407,-31.4393,-29.6629,-15.3366,-9.2541,-23.2398,-52.0494,-29.6462,-17.259,-10.0604,-8.6876,-15.9846,-27.359,-11.7301,-6.6629,-10.4421,-15.4796,-20.9632,-10.1063,-16.0902,-31.1838,-9.8563,-15.644,-9.8766,-10.7531,-11.6133,3.165,-4.67236,-6.36507,-4.67236,1.21471,-6.75066,,-6.09032,-4.84828,-3.66067,,,0.23625,44.7396,-3.12831,-8.21643,,51.80967,-4.58532,,1.43057,-1.44246,0.68647,-9.01251,10.07432,1.06863,1.06863,0.51547,-2.09612,3.62762,,,-5.79844,-0.69342,-1.36137,2.75936,,0.0247,5.72269,-8.98308,-1.68437,-9.58911,2.02968,-5.80545,,,,,,,-1.67729,-1.72141,,-5.97336,33.09782,3.64647,1.8006,,-8.59573,-3.18392,-6.55134,,-2.5139,,,,,-5.64844,0.956,0.053,0.585,,0.956,0.0007327310528,19.1989,9.5994,0.00552385,0.0038165278443,-0.0034501623179,0.0041828933707,0.00635871,0.0076330556885,-123.99643,-40.47982,-1.93959,-34.99083,-0.72677,-4.16172,-7.92431,-54.48566,-1.8323,-14.77628,-38.04926,1.15e-05,2.96e-06,4.59e-07,4.11e-07,1.03e-06,9.53e-05,8.01e-10,1.35e-05,1.6e-09,9.42e-10,1.28e-06,3.93e-09,6.16e-05,4.73e-07,8.61e-11,0.00120563,6.53e-08,0.000174854,3.92e-11,3.16e-07,3.43e-06,0.000667298,2.66e-09,3.75e-05,1.52e-05,9.83e-06,1.25e-08,0.00234624,2.91e-10,0.000169906,5.62e-09,,1.94e-06,1.25e-05,1.54e-08,1.76e-06,2.05e-09,0.00550877,7.58e-11,0.00185939,2.1e-07,4.89e-09,3.53e-09,3.67e-09,5.44e-10,4.39e-09,3.03e-07,3.4e-10
Sample 14,,,73.4,3.256,0.000579517,1.47e-05,0.0,0.0,0.0,0.0,0.0,0.000145275,0.007897498,1.04e-05,0.001155303,0.0,0.0,8.06e-07,0.000376027,0.008671596,8.5e-05,0.001013607,9.55e-06,7.11e-05,2.66e-07,0.000388493,0.000111558,1.14e-08,2.71e-09,8.99e-07,3.78e-05,2.44e-09,7.67e-09,2.6e-09,2.72e-07,9.04e-10,1.67e-05,2.08e-06,1.78e-07,4.16e-08,9.21e-10,3.23e-10,5.52e-08,1.6e-10,2.02e-10,5.47e-08,7.6e-07,8.88e-07,6.98e-09,1.85e-10,2.66e-09,1.45e-09,4.3e-09,2.03e-09,0.0,1.0,-4.4625,-5.8424,-9.446,-4.9445,-28.3363,-16.4462,-3.4106,-6.2647,-8.4972,-16.1911,-10.0519,-10.8784,-14.419,-6.8282,-9.6276,-11.6523,-7.8102,-8.092,-8.871,-9.9362,-12.3661,-27.3686,-8.246,-12.8376,-9.0649,-5.0343,-17.8986,-17.5989,-27.8043,-44.1016,-4.3884,-6.5456,-9.2841,-13.6578,-7.8233,-9.4083,,-12.0839,-5.2839,-10.1709,-10.3705,-12.0106,-14.6403,-18.2644,-13.2798,-17.5008,-21.3153,-39.2074,-15.6598,-2.1562,-18.1202,-27.4302,-24.8149,-26.1944,,-8.8371,-24.5734,-3.2361,-13.084,-10.3251,-12.012,-18.7653,-36.9737,-14.1638,-21.5128,-35.7042,-17.0329,-15.9778,-17.852,-26.5241,-12.1067,-16.7673,-6.1778,-10.9987,-8.2078,-16.8918,-19.4891,-8.7985,-19.6045,-10.3912,-13.5654,-19.3852,-17.5087,-21.6237,-22.4734,-11.5244,-15.2517,-32.6054,-12.3538,-4.3873,-9.0721,-7.4627,-11.1964,-7.9346,-18.9567,-11.8904,-5.2452,-20.1788,-4.7324,-11.8636,-13.8666,-5.3835,-11.7298,-9.3472,-11.972,-10.7982,-3.256,-28.333,-4.8904,-51.5573,-0.000158269,-16.6504,,,,,,,-8.4443,-5.6546,,,,,-8.1996,,-6.7238,-22.9674,-8.4116,-18.0901,-12.6657,-29.9476,-6.2155,-14.0761,-28.2527,-98.414,-6.247,-27.1408,-21.3537,-8.6183,-23.1691,-4.0482,-15.9647,-8.9247,-6.5406,-25.1572,-10.0982,-11.0871,-12.1693,-9.4429,-10.4223,-13.6681,-27.3358,-7.3334,-54.9653,-9.4909,-26.3748,,-10.2222,-24.4182,,-23.709,,,,,-7.262,,-15.8428,-36.5112,-3.869,-22.6182,-15.0831,-71.1082,-36.5129,-41.2871,-16.7055,-12.7809,-8.7495,-18.9163,-21.6631,-9.4703,-12.4559,-3.0538,-9.4308,-7.2101,-9.7865,-12.7594,-5.2375,-76.166,-9.3422,-10.7167,-13.0462,-15.7511,-18.9281,-15.616,-9.0979,-10.7693,-13.6529,-17.4723,,-13.2665,-15.4864,-17.206,-30.035,-21.9219,-12.6666,-8.4106,-3.48,-6.9581,-12.5556,-5.2612,-7.4006,-15.0498,-8.0985,-10.2758,,-12.1113,-6.0275,-6.2843,-15.9598,-7.9916,-9.6085,-19.0175,-36.005,-20.0042,-27.0896,-12.1843,-7.2685,-8.7329,-11.8105,-93.7511,-98.2627,-62.1433,-2.1197,-8.2539,-4.8722,-7.2736,,-11.761,-4.4451,-13.3505,-8.8367,-4.1274,-8.3304,-11.2349,-11.4201,-18.4299,-34.55,-14.4417,,-6.1466,-4.8313,-64.3229,-9.4742,,,,-8.6666,-9.1763,-10.6248,-13.067,-15.6329,-10.9624,-14.1285,-16.7515,-11.7378,,-5.7378,-11.6184,-8.5027,-9.0898,-15.2091,,-77.9873,-52.9766,-32.9417,-14.3584,,,-10.5774,-10.1648,-10.0953,-37.3549,-40.8223,-3.2323,-6.9633,-9.0759,-16.6322,-10.9878,-11.3447,-15.0195,-12.2784,-23.6667,-13.8107,-18.7032,-16.3573,-17.2985,-22.1673,-8.8388,-20.8604,-39.7179,-64.3469,-43.5754,-67.4592,-37.3617,-33.2899,-77.1209,-21.2764,-8.9436,-34.342,-9.8899,-11.545,-47.0575,-25.6481,-65.5204,-48.0104,-30.9438,-28.6185,-15.0977,-9.0378,-22.2359,-50.3865,-28.862,-16.8078,-9.3923,-7.8547,-14.3318,-24.9756,-10.4634,-6.8192,-7.6037,-9.9158,-12.7073,-9.8747,-15.5555,-30.2022,-9.5706,-15.7937,-9.5728,-10.0687,-11.5323,3.256,,,,7.20434,,,,-6.53627,-4.23005,,,0.06943,,-0.58681,-8.21366,,51.97565,-5.26897,,,,,-3.85957,,,,,0.41216,,,,-5.17353,,1.04364,5.93726,-9.34019,,12.18327,,,,,,,,,-4.92723,,,,,,,,,,,-8.18283,,,,,,,,,,0.935,,0.563,,0.935,0.0011726177799,11.0199,5.5099,0.0119761,0.010640927135,-0.010054618245,0.011227236025,0.0131585,0.021281854269,-119.40932,-38.60196,-1.35238,-33.69409,-0.52637,,-8.4708,-53.03556,-1.7411,,-36.94605,0.000111558,0.000388493,8.88e-07,2.66e-07,1.04e-05,7.11e-05,1.6e-10,0.0078975,2.44e-09,2.71e-09,7.6e-07,2.6e-09,0.000145275,3.78e-05,9.04e-10,0.00140771,1.67e-05,0.000579517,1.85e-10,,,0.00101361,6.98e-09,0.000376027,9.55e-06,8.99e-07,5.52e-08,0.0086716,3.23e-10,8.5e-05,7.67e-09,,8.06e-07,1.47e-05,4.3e-09,2.08e-06,5.47e-08,,2.02e-10,0.0011553,1.78e-07,1.45e-09,2.03e-09,1.14e-08,2.66e-09,4.16e-08,2.72e-07,9.21e-10
Sample 15,,,37.7,3.575,2.19e-05,0.000109379,4.05e-07,0.0,0.0,0.0,0.0,0.003158161,0.046258427,5.13e-05,0.014562298,4.63e-07,0.0,2.58e-06,0.000704437,0.031896912,0.0,0.001988849,4.06e-06,0.000268463,1.89e-07,0.000934234,4e-05,1.59e-08,6.92e-09,7.64e-07,3.99e-06,1.02e-09,5.45e-09,1.42e-09,7.8e-08,6.31e-09,1.01e-05,3.9e-06,3.61e-07,2.97e-09,3.88e-09,3.87e-10,4.86e-07,3.47e-10,1.77e-10,1.84e-07,5.79e-07,1.2e-07,3.63e-09,8.4e-11,5.55e-07,5.72e-10,9.7e-10,1.26e-10,0.0,1.1419451726869878,-5.1296,-7.604,-11.807,-6.1963,-32.3109,-16.1894,-3.0296,-7.3198,-9.1477,-18.5792,-9.6777,-13.515,-16.6288,-7.4005,-12.4842,-14.5114,-8.862,-7.544,-7.2744,-8.6416,-13.443,-29.3699,-9.0035,-6.8015,-8.592,-4.3818,-15.5062,-17.0454,-26.9632,-44.2921,-4.0745,-5.7368,-7.6045,-14.6594,-6.0782,-10.3713,,-12.7831,-4.179,-10.3161,-9.8046,-10.6675,-12.3889,-14.9218,-11.9404,-14.4173,-22.7166,-41.8158,-16.4291,-1.4348,-18.0554,-27.7096,-24.0696,-24.639,,-9.4316,-25.4113,-4.6534,-14.0377,-10.2861,-11.1148,-20.4139,-39.9211,-15.4585,-22.7699,-39.627,-17.0598,-14.9596,-18.8886,-28.7245,-11.2436,-17.2128,-6.3543,-10.6609,-7.8543,-17.9493,-22.4193,-9.257,-21.6202,-10.2643,-12.7865,-20.2723,-15.8914,-21.4635,-19.7873,-10.4575,-16.378,-35.0078,-13.2822,-2.7424,-12.508,-9.2788,-14.0669,-9.1919,-22.8268,-13.7996,-5.8627,-24.9492,-7.2195,-15.3537,-17.8807,-7.6062,-10.2964,-8.545,-11.6326,-9.2766,-3.575,-32.3147,-5.1069,-59.1517,-0.000707071,-17.8963,-15.0041,,-53.3095,-6.4419,-6.3928,,-8.3018,-6.3601,-16.2171,,-55.0509,-7.7817,-8.1453,-18.1943,-8.9492,-26.8432,-8.2799,-19.2876,-12.1691,-31.7897,-5.7686,-14.1655,-29.1892,,-7.3727,-29.2101,-23.1897,-8.2522,-25.0766,-3.0399,-15.9507,-6.3548,-9.6182,-30.0103,-10.6898,-11.6038,-12.3776,-9.0496,-10.7219,-14.3372,-29.4926,-6.5073,-62.4952,-9.4125,-28.032,,-10.4353,-25.7977,-18.0186,-25.9071,-55.8643,-10.0556,-9.6598,,-6.7352,,-16.0262,-41.2848,-3.6985,-24.0904,-15.3912,-82.3713,-42.073,-46.4265,-18.341,-12.6641,-6.7701,-23.1424,-23.6201,-8.8868,-12.2183,-2.8328,-8.8444,-6.655,-9.8436,-13.2531,-4.1854,-86.8627,-10.5707,-11.5804,-13.3234,-15.163,-17.1788,-17.5938,-9.2523,-9.2067,-10.0735,-11.4595,-14.5561,-15.8798,-15.8663,-20.4704,-34.9845,-26.0973,-15.0332,-9.0523,-3.259,-6.1624,-12.9406,-5.9107,-7.4553,-16.8912,-7.2648,-12.2123,,-13.5636,-5.8915,-6.5888,-15.5016,-8.0114,-8.4169,-20.7714,-38.9287,-20.1902,-27.5591,-13.2052,-6.8587,-7.38,-15.687,,,-69.7295,-1.6175,-7.2899,-3.7857,-5.2981,,-11.8549,-3.1366,-12.9252,,,-8.6768,-11.0525,-10.2636,-21.0432,-37.003,-15.4941,,-5.6868,-3.9539,-74.9844,-10.0363,-23.7493,-14.6929,-23.1043,-9.6511,-9.6038,-10.4414,-12.1878,-13.927,-10.3402,-11.7735,-18.7113,-12.2978,-18.7183,-5.5228,-11.0183,-7.8199,-7.2871,-15.7127,,-87.4207,-58.5509,-34.7507,-13.963,,,-10.6314,-10.2634,-10.2782,-42.8627,-44.9982,-2.2667,-6.8432,-8.4591,-17.8706,-9.3981,-12.8224,-15.9861,-13.4698,-23.5056,-14.3664,-17.3952,-16.0561,-17.5022,-23.1477,-9.2426,-20.5125,-45.1083,-73.3004,-48.4757,-77.9422,-42.8221,-38.2013,-88.9323,-24.8464,-10.3288,-38.9069,-11.6686,-13.1333,-52.9668,-28.0651,-75.3928,-53.4741,-33.4593,-31.9141,-15.7166,-8.6945,-22.1782,-56.1626,-31.8187,-17.5744,-6.8511,-9.4078,-17.6528,-29.7163,-12.9824,-7.5154,-8.4289,-9.8871,-11.7105,-9.0722,-17.5108,-32.5245,-11.2463,-14.9832,-9.1382,-9.6974,-10.8945,3.575,,,,3.74154,,,,-5.85944,-2.67222,,,0.32077,47.14808,-3.06978,-8.71536,,55.05616,-3.47136,,,-3.20739,,-9.05379,9.6352,,,,-1.95731,,,,0.58593,-2.07809,-0.98949,2.65669,-6.62254,,5.27458,,,,,,,,,,,,,,,,32.88014,,,,-6.73613,,,,-3.41654,,-7.43718,,,-6.55372,0.983,0.055,,,0.983,-0.041850651038,-75.7828,-37.8914,0.0688138,0.055224486749,-0.076149812268,0.03429916123,0.0726673,0.1104489735,-138.05543,-45.59991,-3.04902,-39.02754,-1.27446,-5.28297,-12.43892,-62.20771,-0.98468,-17.13282,-42.85192,4e-05,0.000934234,1.2e-07,1.89e-07,5.13e-05,0.000268463,3.47e-10,0.0462584,1.02e-09,6.92e-09,5.79e-07,1.42e-09,0.00315816,3.99e-06,6.31e-09,0.00150918,1.01e-05,2.19e-05,8.4e-11,4.63e-07,4.05e-07,0.00198885,3.63e-09,0.000704437,4.06e-06,7.64e-07,4.86e-07,0.0318969,3.87e-10,,5.45e-09,,2.58e-06,0.000109379,9.7e-10,3.9e-06,1.84e-07,,1.77e-10,0.0145623,3.61e-07,5.72e-10,1.26e-10,1.59e-08,5.55e-07,2.97e-09,7.8e-08,3.88e-09
Sample 16,,,80.9,4.1,0.0,0.0,0.0,0.0,0.0,0.0,0.0,0.000598893,0.006648239,1.36e-05,0.001964817,0.0,0.0,2.17e-05,0.000560582,0.0,0.000120267,0.0,0.0,1.02e-07,0.0,0.000655906,7.85e-05,1.32e-08,0.0,6.44e-07,1.03e-05,0.0,0.0,0.0,0.0,0.0,0.0,2.68e-06,3.21e-07,0.0,0.0,0.0,1.27e-06,1.16e-09,0.0,5.47e-07,0.0,3.08e-07,0.0,0.0,8.81e-07,1.03e-09,3.38e-10,5.46e-10,0.0,1.0,-5.3487,-4.7267,-6.4168,-4.8141,,,-3.1832,-6.6933,-8.9192,,-9.4305,,-13.7405,,,,,,,,,,,-11.1223,-7.9609,-4.9101,-18.4389,-16.5164,-24.8948,-40.06,-7.2498,-9.4154,-12.235,,-9.6313,,,-13.8593,-7.7656,-9.2721,-9.5191,-11.2209,-13.9395,-17.6882,-11.339,-14.5669,-18.3879,-34.274,-13.7452,-2.2222,-17.1256,-25.4313,-22.0633,-22.6503,,,,,,,,,,,,,,,,,,,,,,,,,,,,,,,,,,,,-3.3914,-10.6512,-9.7726,-12.7965,-10.266,-20.2959,-12.4365,-6.4623,-19.7108,-5.1265,-10.2769,-14.4364,-6.7186,,,,,-4.1,,,-52.6604,-8.02152e-05,-15.4852,,,,,,,-8.0055,,,,,,-8.6507,,-4.631,,,,-12.4649,-26.0404,-7.1164,-13.9453,-27.0228,,,,,,,-3.826,,-7.6967,-5.9361,-23.7725,,,,,,,-24.4574,-6.0642,-55.1862,,,,-9.5536,-22.3393,,-21.8914,,,,,-6.262,,,-36.9489,-4.2733,-21.7738,-14.3407,-69.7237,-36.5671,-39.6022,-14.7371,-11.4225,-6.556,,,,,,,,,,,,,,,,,,,,,,,,,,,,,,-3.2979,-6.8048,-11.3672,,,,,,,,,-6.4419,-16.694,-8.1185,-8.7263,-17.1113,-32.1021,-15.1367,-21.7578,-11.3099,-7.0327,-6.6786,-14.5245,-97.2605,,-61.4704,,,,,,,,,-7.6654,-3.9676,,,,,,,,-4.7085,,,-8.4827,,,,-9.7528,-10.2847,-11.7711,-14.2701,-16.9197,-11.0318,-13.2081,-15.8664,-12.0067,,-5.6207,-11.3236,-8.4009,-7.962,-14.0695,,-78.8909,-53.6486,-32.4214,-12.4368,,,,,,-38.5415,-40.4856,-2.8985,-6.6756,-8.7983,,-9.6573,,-13.6345,-13.1729,-25.67,-14.7513,-20.8437,-16.2235,-17.4555,-20.3942,-8.9872,-22.0034,-41.5996,-66.0554,-46.4489,-67.0979,-38.338,-32.5558,-74.7283,-21.2297,-9.7209,-33.2035,-9.6984,-10.487,-44.7755,-22.652,-66.1634,-50.6569,-34.5614,-30.3075,-17.6832,-10.4421,-19.9781,-52.0684,-31.5055,-18.4696,-6.4199,,,,,,,,,,,,,,,,,4.1,,,,,,,,-7.85762,-8.2266,,,-0.11674,,2.68892,,,,-4.27079,,,,,2.74288,,,,,3.6643,,,,-6.67804,,4.22038,6.72815,,,13.84055,,,,,,,,,-3.01427,,,,,,,,,,,,,,,,,,,,,0.895,,0.491,,,-0.010124316308,-170.324,-85.162,0.00790744,0.0059441515787,-0.011006309733,0.00088199342478,0.00836893,0.011888303157,,,,-33.65791,-0.39189,,-11.18128,-54.48713,0.0,,-38.06956,7.85e-05,0.000655906,3.08e-07,,1.36e-05,1.02e-07,1.16e-09,0.00664824,,,,,0.000598893,1.03e-05,,0.000150194,,,,,,,,0.000560582,,6.44e-07,1.27e-06,,,0.000120267,,,2.17e-05,,3.38e-10,2.68e-06,5.47e-07,,,0.00196482,3.21e-07,1.03e-09,5.46e-10,1.32e-08,8.81e-07,,,
Sample 17,,,73.2,4.305,0.00101074,0.0,0.0,0.0,0.0,0.0,0.0,0.000283182,0.000959016,1.08e-06,0.002666805,3.37e-06,0.0,1.07e-05,4.9e-05,0.003328839,5.09e-05,0.000746611,0.000429541,0.00061734,1.76e-07,7.68e-05,7.52e-05,2.75e-08,6.48e-09,6.23e-06,2.29e-05,1.37e-09,9.03e-09,1.89e-09,1.59e-07,1.72e-10,4.4e-08,1.66e-06,2e-06,5.96e-09,7.23e-09,2.69e-10,1.3e-08,2.22e-10,5.9e-11,1.43e-09,2.36e-08,7.72e-07,5.49e-09,3.31e-10,7.67e-09,1.96e-10,6.56e-10,2.06e-10,0.0,1.0,-5.4564,-4.7467,-6.2585,-4.8939,-31.7438,-16.8683,-4.1147,-6.3021,-9.4463,-13.8962,-9.3723,-9.6325,-13.4145,-7.5507,-11.2755,-14.2139,-7.8254,-7.3895,-7.4534,-7.8102,-10.9962,-23.9082,-7.9221,-13.8162,-8.7209,-6.0126,-22.0581,-17.709,-26.1756,-41.6095,-3.4799,-6.5483,-10.1962,-10.4169,-6.1979,-7.215,,-10.1329,-3.9577,-9.8703,-10.9802,-13.5302,-17.069,-21.6012,-12.262,-15.7644,-18.9259,-34.7288,-14.3148,-3.066,-18.1647,-26.6077,-23.1187,-23.6255,,-9.0574,-25.408,-2.9996,-10.7495,-11.456,-11.515,-16.8959,-33.0155,-13.3402,-21.3019,-40.2238,-22.146,-15.2127,-20.8752,-27.4581,-10.6746,-20.8352,-7.6766,-13.4765,-10.6174,-17.3472,-19.0025,-8.9127,-20.027,-11.4163,-15.5009,-20.7158,-20.3537,-23.8628,-26.2268,-10.9211,-13.2742,-28.5389,-11.4228,-3.669,-10.5951,-9.5907,-13.6303,-10.9735,-22.3093,-12.6959,-6.6574,-19.6135,-4.7686,-9.8097,-14.345,-6.4659,-15.2544,-10.7799,-11.3121,-13.2751,-4.305,-31.7405,-7.4104,-54.9126,-7.43205e-05,-15.7878,-12.5816,-97.1384,-47.2013,-5.5242,,,-7.6651,-9.2247,-14.4612,-99.3067,-49.5578,-7.3999,-8.4682,-17.0014,-4.5828,-27.4221,-9.8821,-15.6734,-13.8238,-26.5129,-8.1745,-15.169,-28.4813,,-4.9611,-24.226,-23.3332,-8.2365,-20.1477,-4.3807,-18.7542,-8.5391,-5.532,-23.5448,-10.7957,-9.6897,-13.9127,-9.83,-10.0714,-11.2238,-23.3799,-8.1418,-57.2726,-9.571,-23.1461,,-10.1445,-22.5086,-14.9011,-21.3004,-49.1005,-8.426,,,-8.8447,,-14.91,-38.0375,-4.502,-22.3909,-15.0822,-71.6235,-37.6136,-40.2911,-14.823,-10.9548,-8.819,-16.5872,-18.7042,-8.7619,-9.654,-3.1847,-10.5415,-8.2529,-10.5529,-11.8461,-4.9506,-76.1499,-9.8918,-12.1782,-15.4185,-19.0324,-23.1167,-13.8303,-8.9324,-9.8851,-12.0485,-15.1453,-13.0686,-12.532,-14.9058,-15.6706,-26.4128,-19.3431,-12.1743,-8.5435,-4.3589,-8.7478,-12.3899,-3.6577,-6.7079,-11.1133,-5.7778,-7.3877,,-9.4643,-4.0063,-5.4618,-15.7465,-8.0816,-8.0688,-16.1072,-31.0052,-13.8669,-20.3402,-10.3179,-6.0288,-8.4907,-16.0162,,,-63.4032,-2.5322,-9.6458,-6.1954,-6.9687,,-11.1288,-4.4399,-12.381,-8.0087,-4.3439,-8.2374,-12.053,-10.6097,-16.2533,-30.2774,-13.3049,,-5.0179,,-66.4808,-8.4292,-20.0172,,,-9.3949,-10.8156,-13.1747,-16.5269,-20.0021,-10.9729,-13.4203,-15.3895,-11.4163,-16.2302,-5.8299,-12.6902,-9.506,-8.4639,-14.257,,-81.0394,-55.1407,-33.3497,-14.8942,,,-12.7867,-10.2793,-11.2577,-39.9329,-41.2979,-2.8135,-5.8888,-8.9126,-13.2256,-9.1961,-8.9871,-12.9028,-14.199,-26.8069,-16.6417,-22.7512,-17.5604,-18.345,-21.1225,-9.7078,-22.952,-42.9129,-67.9939,-47.8154,-69.0185,-39.5094,-33.3401,-76.5916,-21.9328,-10.2024,-33.9561,-10.1031,-10.7098,-45.6307,-22.7217,-68.1244,-51.7048,-35.2367,-30.8198,-17.8994,-10.3526,-19.3623,-53.0351,-32.1094,-18.5627,-8.4111,-8.6553,-13.046,-21.6017,-10.2211,-6.9965,-8.6954,-11.917,-15.6173,-9.3347,-13.6441,-26.1975,-8.7052,-18.2263,-9.9123,-8.3139,-12.9184,4.305,,,,13.53705,,,,-7.02382,-2.1288,,-8.59897,0.67505,,2.80958,-6.03685,-8.37211,53.18835,-2.90184,,,,,2.93174,,,,,3.80919,,,,-1.45389,,4.4428,7.54106,,,15.38872,,,,,,,,-8.65202,-0.81244,,,,,,,,,,-9.12998,-8.35578,,,,,-9.47524,,,,,0.893,,0.485,,,-7.6622717654e-05,-1.2745,-0.6372,0.00927064,0.0060121055076,-0.0060504168664,0.0059737941488,0.0115419,0.012024211015,-122.7332,-39.26188,-1.1171,-34.58931,-0.52996,,-12.67661,-56.4772,0.0,,-39.52579,7.52e-05,7.68e-05,7.72e-07,1.76e-07,1.08e-06,0.00061734,2.22e-10,0.000959016,1.37e-09,6.48e-09,2.36e-08,1.89e-09,0.000283182,2.29e-05,1.72e-10,0.000967517,4.4e-08,0.00101074,3.31e-10,3.37e-06,,0.000746611,5.49e-09,4.9e-05,0.000429541,6.23e-06,1.3e-08,0.00332884,2.69e-10,5.09e-05,9.03e-09,,1.07e-05,,6.56e-10,1.66e-06,1.43e-09,,5.9e-11,0.0026668,2e-06,1.96e-10,2.06e-10,2.75e-08,7.67e-09,5.96e-09,1.59e-07,7.23e-09
Sample 18,,,70.3,4.521,0.0,2.5e-05,2.43e-06,0.004040875,0.0,0.0,0.0,6.74e-05,1.49e-05,5.01e-08,0.000354637,8.42e-07,0.0,6.45e-08,1.44e-06,0.000497173,3.55e-05,0.000284414,7.82e-06,3.47e-05,0.0,0.0,0.0,0.0,0.0,0.0,1.09e-05,0.0,0.0,0.0,0.0,0.0,0.0,0.0,0.0,0.0,0.0,0.0,0.0,0.0,0.0,0.0,0.0,0.0,0.0,0.0,0.0,0.0,0.0,0.0,0.0,1.0,,,,,,,,,,,,,,,,,,,,,,,,,,-7.3187,-27.1251,-19.8079,-29.8245,-46.1204,-4.5556,-9.4251,-14.8453,,-7.8599,,-10.4159,-11.0895,-5.7713,,,,,,,,,,,-4.8456,-20.7779,-30.0321,-27.2537,-28.487,,,,,,,,,,,,,,,,,,,,,,,,,,,,,,,,,,,,-4.234,-10.7792,-10.2411,-15.6103,-13.4199,-26.1984,-13.4584,-7.9101,-19.5092,-5.0791,-9.806,-14.379,-6.9528,,,,,-4.521,,,-57.1693,-4.20173e-05,-16.6636,-13.7755,-97.0675,-47.4367,-6.0974,-5.6183,,,,-15.8775,-99.4625,-50.0195,-8.2061,,-18.6479,,,,,-16.1226,,-10.172,-17.9893,-32.1504,,,,,,,-5.1887,,-9.9166,-5.6894,-23.2537,,,,,,,,,-59.3294,,,,-12.5806,-23.1976,-15.8724,,-49.1105,-8.7775,-7.6782,,,-7.0345,,-38.5917,-5.4795,-24.2765,,,,,,,,,,,,-3.5666,-12.2525,-10.4446,-11.9492,-12.0844,-6.0674,,,,,,,,,,,,,,,,,,,,-5.8606,-12.043,-13.7411,-5.2091,-10.053,,-7.9118,,-10.9189,-10.883,-6.2957,,,,,,,,,,,,-17.2183,,,-65.2657,-3.3235,-11.7596,-8.7788,-8.3401,-8.9676,-11.7683,-5.9675,,-7.9848,-4.4691,,,,,,,,-7.2092,-4.6019,,-8.2734,-20.7549,,,,,,,,,,,,-16.3696,,,,,,,-82.1372,-56.7411,-36.2462,,-20.8816,-2.3935,,,,-40.7392,-41.6101,-3.5344,,,,,,,,,,,,,,,,,,,,,,,,,,,,,,,,,,,,,,,,,,,,,,,,,,,,,,,,,4.521,,,,,,,,,-5.00396,,,,,,,,,,,1.12654,,0.38056,,,0.76835,0.76835,0.22368,,,,,-4.91113,,,7.35708,,,14.99167,,,,,,,,,-0.85831,,-7.79485,,,,,36.67431,,1.49654,,,,,,,,,,,,0.857,-0.072,0.453,,0.858,0.00016126398732,18.8199,9.4099,0.00124428,0.00085688071754,-0.00077624872388,0.0009375127112,0.00128533,0.0017137614351,,,,-34.19391,-0.5839,-4.27152,-13.88142,-56.4265,-1.5156,-16.41364,-40.35829,,,,,5.01e-08,3.47e-05,,1.49e-05,,,,,6.74e-05,1.09e-05,,3.16996e-05,,,,8.42e-07,2.43e-06,0.000284414,,1.44e-06,7.82e-06,,,0.000497173,,3.55e-05,,,6.45e-08,2.5e-05,,,,0.00404088,,0.000354637,,,,,,,,
Sample 19,,,50.5,4.58,0.0005995,6.25e-05,5.3e-07,0.002255101,0.0,0.0,0.0,6.63e-05,2.54e-05,9.26e-08,0.000661289,3.58e-08,7.83e-09,7.9e-07,3.31e-06,0.000716398,1.22e-05,0.00043992,1.65e-05,7.73e-05,0.0,0.0,0.0,0.0,0.0,0.0,3.58e-07,0.0,0.0,0.0,0.0,0.0,0.0,0.0,0.0,0.0,0.0,0.0,0.0,0.0,0.0,0.0,0.0,0.0,0.0,0.0,0.0,0.0,0.0,0.0,0.0,1.0,,,,,,,,,,,,,,,,,,,,,,,,,,-7.0562,-25.9321,-19.6295,-29.5533,-46.4364,-4.2325,-9.0071,-14.1281,-11.1541,-7.6571,-8.0312,-10.5441,-11.4208,-5.2973,,,,,,,,,,,-4.6183,-20.9342,-30.4051,-27.1078,-27.9376,,,,-3.2314,-10.4993,,,,,,,,,,,,,,,,,,,,,,,,,,,,,,,-4.2273,-12.6104,-11.1049,-17.3092,-14.1536,-28.6019,-15.3568,-9.0169,-22.2796,-6.5188,-12.0034,-16.6334,-8.1453,,,,,-4.58,,,-59.2429,-3.81906e-05,-17.3612,-16.8518,,-52.0549,-7.4723,-6.2791,,,,-19.0512,,-54.7626,-9.7508,,-21.9751,,,,,-15.8696,,-9.9915,-18.1232,-32.7728,,-4.913,,,,,-5.4196,,-10.1816,-7.5498,-26.1803,,,,,,,,,-61.475,,,-9.6781,-11.7524,-24.0702,-18.8618,,-53.6206,-10.0736,-8.4159,,,-7.3945,,-41.29,-5.5534,-25.2689,,,,,,,,,,,,-3.3826,-11.9643,-10.2453,-12.0893,-12.3885,-5.7112,,,,,,,,,,,,,,,,,,,,-5.5037,-11.5445,-13.8167,-4.9108,-9.6067,-12.2748,-7.7067,-8.7104,-11.0309,-11.1307,-5.8494,,,,,,,,,,,,-17.2719,,,-67.5408,-3.1698,-11.4513,-8.4769,-8.2772,-9.0091,-12.0407,-5.6544,,-8.8822,-4.9376,,,,,,,-8.1408,-6.1255,-4.2039,-70.4687,-8.6778,-23.6019,,,,,,,,,,,,-17.6633,,,,,,,-87.4679,-60.0297,-37.5763,,-20.8912,-2.6468,,,,-43.7327,-44.0871,-3.2809,,,,,,,,,,,,,,,,,,,,,,,,,,,,,,,,,,,,,,,,,,,,,,,,,,,,,,,,,4.58,,,,,,,,,-4.2788,,-9.15126,,,,,-8.93891,,,,1.02984,,0.28876,,,0.66161,0.66161,0.09284,,,,,-4.09574,,,5.10774,,,10.298,,,,,,,,,-8.37816,,,,,,,34.38063,,1.39995,,,,,,,,,,,,0.895,-0.046,0.493,0.581,0.895,-3.3949843428e-05,-2.4476,-1.2238,0.00212184,0.0013870457552,-0.0014040206769,0.0013700708335,0.00275378,0.0027740915104,-130.1981,-42.07345,-1.5085,-37.02598,-0.98359,-5.06183,-13.97491,-60.28403,-1.1711,-18.00373,-43.55873,,,,,9.26e-08,7.73e-05,,2.54e-05,,,,,6.63e-05,3.58e-07,,0.000621176,,0.0005995,,3.58e-08,5.3e-07,0.00043992,,3.31e-06,1.65e-05,,,0.000716398,,1.22e-05,,7.83e-09,7.9e-07,6.25e-05,,,,0.0022551,,0.000661289,,,,,,,,
Sample 20,,,42.7,4.88,0.000208001,0.000112504,4.58e-06,0.003734647,0.0,0.0,0.0,0.000385822,0.002033678,2.37e-06,0.000943687,0.0,3.7e-07,7.74e-06,0.000133309,0.003872118,7.14e-05,0.00011484,1.75e-06,1.36e-05,2e-07,8.05e-05,2.93e-05,7.85e-09,1.27e-09,4.55e-07,9.49e-06,1.05e-08,1.33e-08,1.09e-08,5.37e-07,5.59e-10,1.11e-06,2.93e-07,4.2e-08,8.89e-09,8.77e-09,8.83e-10,2.26e-08,5.87e-10,1.26e-10,3.7e-08,2.18e-07,2.55e-07,4.9e-10,3.36e-09,5.28e-09,1.17e-09,1.25e-09,1.59e-09,0.0,1.0876956525746104,-5.5815,-5.1763,-6.5777,-5.2073,-32.6993,-14.4267,-4.0942,-6.7323,-9.8108,-14.329,-9.7809,-10.591,-14.5048,-7.0204,-12.9434,-16.1597,-8.8814,-8.2819,-8.6442,-10.4352,-10.2765,-23.3449,-7.2425,-14.6748,-8.3122,-5.659,-22.0543,-18.2309,-28.0397,-45.1349,-5.0343,-7.9619,-11.1509,-11.9592,-7.7311,-9.0435,-10.9235,-12.2309,-6.0235,-9.4252,-10.2128,-12.3838,-15.432,-19.3186,-11.7501,-14.9666,-18.9198,-35.1136,-14.0869,-2.7265,-19.1694,-28.6947,-25.1364,-25.7544,,-8.1224,-25.3792,-3.6998,-10.4258,-10.2633,-10.5059,-16.2327,-32.8223,-12.6886,-21.3186,-43.8777,-23.225,-16.379,-22.1858,-29.132,-10.6448,-21.9616,-6.6978,-12.2619,-9.4618,-16.7956,-19.5717,-8.1048,-20.0995,-10.3919,-14.2034,-20.1122,-18.6248,-22.6524,-23.8718,-10.0123,-12.4113,-28.1249,-10.7026,-3.4586,-11.6559,-9.9917,-14.4913,-11.1792,-24.2838,-13.6538,-7.231,-21.1813,-5.1133,-10.3801,-15.5854,-6.9005,-14.8073,-10.2472,-10.5536,-12.4531,-4.88,-32.7021,-5.997,-59.7862,-8.99219e-05,-17.6256,,,,,-5.3449,,-8.1653,-8.5331,,,,,-9.3471,,-5.0897,-28.6057,-7.8623,-14.7501,-14.7056,-26.5687,-8.3814,-16.6155,-31.4343,,-5.0977,-23.6104,-25.0053,-8.9407,-19.6287,-5.0186,-18.4643,-9.0338,-6.0597,-24.8748,-10.3981,-8.6218,-13.5066,-9.3308,-9.1321,-9.9731,-25.0506,-8.3107,-61.781,-9.057,-23.1102,-8.259,-11.1499,-24.1452,,-21.1815,,,-7.2543,,-7.4318,-6.9458,-14.3102,-42.7462,-5.8447,-25.9113,-15.001,-77.2519,-39.1699,-40.886,-13.2558,-11.1766,-9.6337,-17.6054,-18.2568,-8.7754,-9.3361,-3.9788,-11.2267,-9.0361,-13.0741,-12.9283,-6.2224,-83.9986,-10.4775,-12.7334,-15.7511,-18.9029,-22.2706,-13.9267,-9.7969,-10.4827,-12.1219,-14.3385,,-13.4833,-15.3023,-17.3474,-28.8855,-21.4688,-13.4084,-9.8105,-3.9108,-8.0887,-12.1404,-5.9321,-8.7577,-13.2713,-7.9878,-9.9445,-11.6123,-12.1089,-6.7965,-6.5013,-16.8455,-9.1573,-9.0317,-17.748,-33.0043,-15.8608,-21.859,-11.6518,-7.644,-7.899,-16.977,,,-67.6422,-2.4495,-9.3741,-5.8926,-6.8241,-7.7621,-11.2356,-4.8553,-11.2582,-8.036,-4.1827,-8.0177,-11.6629,-10.3064,-17.3268,-30.5948,-13.375,-6.472,-5.1457,-3.9483,-72.2971,-8.5875,,-9.5817,-15.6064,-9.1901,-10.4165,-12.5328,-15.5693,-18.6173,-10.5969,-12.7652,-15.3843,-10.5435,,-6.5702,-13.3041,-10.122,-9.044,-15.2883,,-90.3575,-62.0051,-38.6331,-13.2827,-17.0295,-2.4278,-13.0091,-9.9203,-11.279,-45.5759,-45.1876,-3.1711,-7.5157,-10.3965,-14.8762,-10.7677,-11.1572,-15.1341,-14.3989,-27.2777,-16.5761,-22.5279,-17.6802,-18.495,-21.3027,-8.9318,-22.9544,-44.945,-72.6213,-49.7428,-74.3099,-41.2883,-34.0465,-82.3773,-22.2093,-9.3495,-34.7659,-9.2708,-9.41,-47.2618,-21.4955,-73.2144,-56.6548,-38.4114,-34.0262,-19.572,-11.2972,-19.3201,-57.9433,-35.343,-20.0492,-8.4359,-8.3635,-13.6183,-22.7486,-10.4312,-6.4121,-8.4947,-11.2716,-14.43,-8.6709,-13.5014,-25.7455,-8.6369,-18.9624,-10.3485,-8.1946,-13.4965,4.88,3.84279,2.0929,3.84279,9.73332,1.72885,-4.64367,4.78361,-6.62116,-5.32136,-6.25584,,-0.21462,49.92425,2.34783,-4.30616,-9.87944,55.19848,-5.78253,-9.13189,1.48282,9.88404,0.74355,1.81115,16.42982,1.11063,1.11063,0.53113,3.44435,14.96038,-4.16842,-4.1699,-2.89524,3.60361,4.36828,7.55546,-9.80769,11.32764,15.1186,-0.36395,5.63021,-2.39671,13.33309,5.11372,3.7926,-0.78101,,-1.36495,3.86015,-9.03132,5.6326,16.65759,-4.00719,13.62965,40.34637,14.92296,1.85299,-9.73757,-6.4738,4.05642,4.30394,-9.80062,3.35478,,,-7.76306,-1.82057,0.21814,0.894,-0.067,0.484,0.55,0.894,-2.7901947227e-05,-0.6515,-0.3257,0.00524797,0.0042829772424,-0.004296928216,0.0042690262688,0.00557529,0.0085659544849,-134.74529,-43.85809,-2.04643,-38.28133,-1.15731,-4.19074,-13.70746,-61.8468,-0.94796,-17.13102,-45.49842,2.93e-05,8.05e-05,2.55e-07,2e-07,2.37e-06,1.36e-05,5.87e-10,0.00203368,1.05e-08,1.27e-09,2.18e-07,1.09e-08,0.000385822,9.49e-06,5.59e-10,0.000170328,1.11e-06,0.000208001,3.36e-09,,4.58e-06,0.00011484,4.9e-10,0.000133309,1.75e-06,4.55e-07,2.26e-08,0.00387212,8.83e-10,7.14e-05,1.33e-08,3.7e-07,7.74e-06,0.000112504,1.25e-09,2.93e-07,3.7e-08,0.00373465,1.26e-10,0.000943687,4.2e-08,1.17e-09,1.59e-09,7.85e-09,5.28e-09,8.89e-09,5.37e-07,8.77e-09
